0,0.0,0.0,0.0,0.0,0.0,0.0,0.0,0.0,0.0,0.0,0.0,0.0,0.0,0.0,0.0,0.0,0.0,0.0,0.0,0.0,0.0,0.0,0.0,0.0,0.0,0.0,0.0,0.0,0.0,0.0,0.0,0.0,0.0,0.0,0.0,0.0,0.0,0.0,0.0,0.0,0.0,0.0,0.23481224477291107,0.6080480813980103,0.274915874004364,0.5574248433113098,0.295177161693573,0.5062510967254639,0.31190773844718933,0.4618002474308014,0.3259912133216858,0.4151349365711212,0.246654212474823,0.43869903683662415,0.26936230063438416,0.38684943318367004,0.2962902784347534,0.3947857916355133,0.31154516339302063,0.41388970613479614,0.23573020100593567,0.4317553639411926,0.2653440535068512,0.36486515402793884,0.2949897050857544,0.37968286871910095,0.3112395405769348,0.4077202081680298,0.22961989045143127,0.4327903985977173,0.2601912021636963,0.3601146936416626,0.2922084331512451,0.37776893377304077,0.310527503490448,0.41067588329315186,0.2297826111316681,0.44300299882888794,0.264560729265213,0.394033819437027,0.29439958930015564,0.39433830976486206,0.3149314224720001,0.40877172350883484
0,0.0,0.0,0.0,0.0,0.0,0.0,0.0,0.0,0.0,0.0,0.0,0.0,0.0,0.0,0.0,0.0,0.0,0.0,0.0,0.0,0.0,0.0,0.0,0.0,0.0,0.0,0.0,0.0,0.0,0.0,0.0,0.0,0.0,0.0,0.0,0.0,0.0,0.0,0.0,0.0,0.0,0.0,0.4306240677833557,0.4343852400779724,0.4734255075454712,0.3858809173107147,0.49181440472602844,0.33778616786003113,0.5132474899291992,0.29589590430259705,0.5334087610244751,0.2641923129558563,0.41688188910484314,0.24474890530109406,0.46861737966537476,0.1959191858768463,0.49737823009490967,0.22044743597507477,0.5091853141784668,0.256906658411026,0.4142155349254608,0.2368735671043396,0.4717932343482971,0.17344790697097778,0.4991176128387451,0.20750010013580322,0.5090276598930359,0.2475161999464035,0.42457836866378784,0.23986965417861938,0.48157966136932373,0.17671296000480652,0.5077991485595703,0.21152770519256592,0.5166784524917603,0.25371620059013367,0.44386953115463257,0.25032198429107666,0.4912375807762146,0.208929181098938,0.5147737860679626,0.2242213487625122,0.5267970561981201,0.24957656860351562
0,0.0,0.0,0.0,0.0,0.0,0.0,0.0,0.0,0.0,0.0,0.0,0.0,0.0,0.0,0.0,0.0,0.0,0.0,0.0,0.0,0.0,0.0,0.0,0.0,0.0,0.0,0.0,0.0,0.0,0.0,0.0,0.0,0.0,0.0,0.0,0.0,0.0,0.0,0.0,0.0,0.0,0.0,0.4997739791870117,0.7210659980773926,0.5554036498069763,0.6732492446899414,0.580525279045105,0.629385232925415,0.6044484972953796,0.5948289036750793,0.6206402778625488,0.5580921173095703,0.5046828985214233,0.5270528197288513,0.5614292025566101,0.49547165632247925,0.5951341390609741,0.51673823595047,0.6150665879249573,0.5505555272102356,0.49881410598754883,0.5230523943901062,0.565545916557312,0.47433924674987793,0.5979450941085815,0.5031125545501709,0.6141530871391296,0.5350872874259949,0.5067133903503418,0.5310419797897339,0.5709860324859619,0.47410261631011963,0.6019797921180725,0.5036197304725647,0.6162238121032715,0.5375705361366272,0.525330126285553,0.5484758615493774,0.5808315277099609,0.518304705619812,0.6041943430900574,0.5360238552093506,0.616016149520874,0.5584167838096619
0,0.0,0.0,0.0,0.0,0.0,0.0,0.0,0.0,0.0,0.0,0.0,0.0,0.0,0.0,0.0,0.0,0.0,0.0,0.0,0.0,0.0,0.0,0.0,0.0,0.0,0.0,0.0,0.0,0.0,0.0,0.0,0.0,0.0,0.0,0.0,0.0,0.0,0.0,0.0,0.0,0.0,0.0,0.5022463202476501,0.7229448556900024,0.5568925142288208,0.6720528602600098,0.5825963616371155,0.6266679167747498,0.6073418855667114,0.5929974913597107,0.6283757090568542,0.5560903549194336,0.5082622766494751,0.5260307788848877,0.5646552443504333,0.49320805072784424,0.5986797213554382,0.5164917707443237,0.6188825368881226,0.5498453378677368,0.5023339986801147,0.5234149098396301,0.5672789812088013,0.4735870957374573,0.602108359336853,0.5026283860206604,0.6205741167068481,0.5356064438819885,0.5090190172195435,0.5333437323570251,0.5729768872261047,0.47876405715942383,0.6061162948608398,0.508876621723175,0.6221604347229004,0.5427267551422119,0.526566207408905,0.5523232221603394,0.5812055468559265,0.5189768075942993,0.6052387952804565,0.5386343002319336,0.6172594428062439,0.5627446174621582
0,0.0,0.0,0.0,0.0,0.0,0.0,0.0,0.0,0.0,0.0,0.0,0.0,0.0,0.0,0.0,0.0,0.0,0.0,0.0,0.0,0.0,0.0,0.0,0.0,0.0,0.0,0.0,0.0,0.0,0.0,0.0,0.0,0.0,0.0,0.0,0.0,0.0,0.0,0.0,0.0,0.0,0.0,0.14027643203735352,0.5126822590827942,0.18469178676605225,0.4280094504356384,0.20757995545864105,0.3640545606613159,0.22703984379768372,0.3113386332988739,0.24072223901748657,0.2606656551361084,0.14936795830726624,0.25776952505111694,0.17543593049049377,0.197401762008667,0.20957517623901367,0.2286214381456375,0.2296859323978424,0.263410747051239,0.14120247960090637,0.2592355012893677,0.1731099933385849,0.19581164419651031,0.20766650140285492,0.2299840748310089,0.2260962426662445,0.27568167448043823,0.14018209278583527,0.2702384293079376,0.1736951470375061,0.20300987362861633,0.20505425333976746,0.2376459240913391,0.22061024606227875,0.2834397256374359,0.1458180546760559,0.28785714507102966,0.17126213014125824,0.23092181980609894,0.20018501579761505,0.23636479675769806,0.21888896822929382,0.2611249089241028
0,0.0,0.0,0.0,0.0,0.0,0.0,0.0,0.0,0.0,0.0,0.0,0.0,0.0,0.0,0.0,0.0,0.0,0.0,0.0,0.0,0.0,0.0,0.0,0.0,0.0,0.0,0.0,0.0,0.0,0.0,0.0,0.0,0.0,0.0,0.0,0.0,0.0,0.0,0.0,0.0,0.0,0.0,0.3369958698749542,0.690616250038147,0.3831808269023895,0.6281890273094177,0.40425828099250793,0.5767443180084229,0.4261897802352905,0.5400292277336121,0.4455961585044861,0.5097655653953552,0.33306336402893066,0.49747446179389954,0.3839675784111023,0.4526638090610504,0.41620996594429016,0.4685925245285034,0.4372187852859497,0.4952947497367859,0.3255455493927002,0.494360089302063,0.38620996475219727,0.42854106426239014,0.41815465688705444,0.45579251646995544,0.4360511302947998,0.4889976978302002,0.33128678798675537,0.5029793381690979,0.3852957487106323,0.42894354462623596,0.4164285957813263,0.4546618163585663,0.4328453838825226,0.4875410795211792,0.34703484177589417,0.5205167531967163,0.3926466405391693,0.4759580194950104,0.41984206438064575,0.4833695590496063,0.43757790327072144,0.4980195462703705
0,0.0,0.0,0.0,0.0,0.0,0.0,0.0,0.0,0.0,0.0,0.0,0.0,0.0,0.0,0.0,0.0,0.0,0.0,0.0,0.0,0.0,0.0,0.0,0.0,0.0,0.0,0.0,0.0,0.0,0.0,0.0,0.0,0.0,0.0,0.0,0.0,0.0,0.0,0.0,0.0,0.0,0.0,0.6620917916297913,0.7056366205215454,0.6978929042816162,0.6757839322090149,0.7238553762435913,0.6340733766555786,0.7524705529212952,0.6057793498039246,0.7735978364944458,0.5856667757034302,0.6610578298568726,0.5239038467407227,0.7175579071044922,0.4991966187953949,0.7431131601333618,0.5435749888420105,0.7483377456665039,0.5861112475395203,0.6639778017997742,0.5144310593605042,0.724301278591156,0.4811559319496155,0.7470288276672363,0.5265188217163086,0.7491344809532166,0.5664933919906616,0.6769080758094788,0.521618127822876,0.7351603507995605,0.47675710916519165,0.7565509676933289,0.5230803489685059,0.7592414021492004,0.5649227499961853,0.6960018277168274,0.5400388240814209,0.7473538517951965,0.5229769349098206,0.7665553689002991,0.555569589138031,0.772720456123352,0.5876529216766357
0,0.0,0.0,0.0,0.0,0.0,0.0,0.0,0.0,0.0,0.0,0.0,0.0,0.0,0.0,0.0,0.0,0.0,0.0,0.0,0.0,0.0,0.0,0.0,0.0,0.0,0.0,0.0,0.0,0.0,0.0,0.0,0.0,0.0,0.0,0.0,0.0,0.0,0.0,0.0,0.0,0.0,0.0,0.6622197031974792,0.6979625225067139,0.695371150970459,0.6706802845001221,0.7194198369979858,0.6334167718887329,0.7488718032836914,0.6108965277671814,0.7724180221557617,0.5969231128692627,0.6597932577133179,0.5229343175888062,0.7102805376052856,0.5011025667190552,0.7336776852607727,0.5431853532791138,0.7382161021232605,0.5827422142028809,0.663715124130249,0.5124273300170898,0.7215977907180786,0.4859606921672821,0.7444975972175598,0.531022310256958,0.7473316788673401,0.5711920857429504,0.6776617169380188,0.5183772444725037,0.7340304851531982,0.47914811968803406,0.755062997341156,0.5277286171913147,0.7577083706855774,0.5701783895492554,0.69748455286026,0.535264790058136,0.7477204203605652,0.5230535864830017,0.7654786705970764,0.5564702153205872,0.7707539796829224,0.5888562202453613
0,0.0,0.0,0.0,0.0,0.0,0.0,0.0,0.0,0.0,0.0,0.0,0.0,0.0,0.0,0.0,0.0,0.0,0.0,0.0,0.0,0.0,0.0,0.0,0.0,0.0,0.0,0.0,0.0,0.0,0.0,0.0,0.0,0.0,0.0,0.0,0.0,0.0,0.0,0.0,0.0,0.0,0.0,0.7031118273735046,0.4103727340698242,0.7171085476875305,0.38830748200416565,0.735906183719635,0.36246949434280396,0.7687535881996155,0.3436042070388794,0.7966426014900208,0.3250266909599304,0.6892694234848022,0.2710511386394501,0.7213590741157532,0.25873899459838867,0.7354439496994019,0.28764238953590393,0.7386420965194702,0.31605860590934753,0.6987873315811157,0.2516010105609894,0.7408962249755859,0.23977410793304443,0.7609750628471375,0.27737390995025635,0.7677125930786133,0.3177432119846344,0.7161135077476501,0.2470521628856659,0.7655726671218872,0.23218435049057007,0.7890227437019348,0.27452030777931213,0.7981666326522827,0.31633663177490234,0.7374334931373596,0.2519269287586212,0.7816476225852966,0.25098270177841187,0.8004707098007202,0.27879419922828674,0.8084479570388794,0.30825015902519226
0,0.0,0.0,0.0,0.0,0.0,0.0,0.0,0.0,0.0,0.0,0.0,0.0,0.0,0.0,0.0,0.0,0.0,0.0,0.0,0.0,0.0,0.0,0.0,0.0,0.0,0.0,0.0,0.0,0.0,0.0,0.0,0.0,0.0,0.0,0.0,0.0,0.0,0.0,0.0,0.0,0.0,0.0,0.2973800003528595,0.6516903042793274,0.3338354527950287,0.5852067470550537,0.3528231680393219,0.5234967470169067,0.3691693842411041,0.4755716025829315,0.3821239173412323,0.42705094814300537,0.2896448075771332,0.455145001411438,0.3110560178756714,0.3950117826461792,0.34232455492019653,0.3994430601596832,0.36364197731018066,0.42032042145729065,0.27501311898231506,0.453786700963974,0.3071710467338562,0.3731810450553894,0.3420282304286957,0.3829612731933594,0.36340823769569397,0.4121891260147095,0.26908519864082336,0.4628642499446869,0.30211561918258667,0.37866562604904175,0.33873170614242554,0.3848903775215149,0.3625093698501587,0.4091455042362213,0.2725266218185425,0.4814717769622803,0.31089094281196594,0.42502596974372864,0.3423699140548706,0.41677290201187134,0.36530643701553345,0.42170074582099915
0,0.0,0.0,0.0,0.0,0.0,0.0,0.0,0.0,0.0,0.0,0.0,0.0,0.0,0.0,0.0,0.0,0.0,0.0,0.0,0.0,0.0,0.0,0.0,0.0,0.0,0.0,0.0,0.0,0.0,0.0,0.0,0.0,0.0,0.0,0.0,0.0,0.0,0.0,0.0,0.0,0.0,0.0,0.5291888117790222,0.7380415797233582,0.5788996815681458,0.7034749984741211,0.6092475652694702,0.6683600544929504,0.6372133493423462,0.6455836296081543,0.664944052696228,0.6269611120223999,0.5482702851295471,0.5466220378875732,0.608227550983429,0.5304619669914246,0.6410104036331177,0.5658197402954102,0.6591234803199768,0.6073727607727051,0.5435712337493896,0.5401574969291687,0.6118119955062866,0.5048182606697083,0.6427736282348633,0.5457494258880615,0.657516360282898,0.5873079299926758,0.5503982305526733,0.5524757504463196,0.6163756251335144,0.5079395771026611,0.6451135277748108,0.549670934677124,0.657870352268219,0.5906863212585449,0.5663682222366333,0.5788386464118958,0.6237589716911316,0.5681668519973755,0.6486573219299316,0.5894545316696167,0.662548303604126,0.6111276745796204
0,0.0,0.0,0.0,0.0,0.0,0.0,0.0,0.0,0.0,0.0,0.0,0.0,0.0,0.0,0.0,0.0,0.0,0.0,0.0,0.0,0.0,0.0,0.0,0.0,0.0,0.0,0.0,0.0,0.0,0.0,0.0,0.0,0.0,0.0,0.0,0.0,0.0,0.0,0.0,0.0,0.0,0.0,0.5291885137557983,0.7416541576385498,0.5803155899047852,0.7076302170753479,0.6111899018287659,0.6713149547576904,0.6403072476387024,0.6490495204925537,0.6680457592010498,0.628667950630188,0.5484396815299988,0.5455429553985596,0.6116452217102051,0.5313355922698975,0.6444633603096008,0.5672147870063782,0.66184401512146,0.6078500747680664,0.5448428988456726,0.5382031202316284,0.6142825484275818,0.5047799944877625,0.6450503468513489,0.5456000566482544,0.6596819162368774,0.5875356197357178,0.5522226095199585,0.5509795546531677,0.6194530725479126,0.508389949798584,0.6484463810920715,0.5503309965133667,0.6612550020217896,0.5920398235321045,0.5688919425010681,0.5789366960525513,0.6266379952430725,0.5699380040168762,0.6520113945007324,0.5919288396835327,0.666159987449646,0.6148380041122437
0,0.0,0.0,0.0,0.0,0.0,0.0,0.0,0.0,0.0,0.0,0.0,0.0,0.0,0.0,0.0,0.0,0.0,0.0,0.0,0.0,0.0,0.0,0.0,0.0,0.0,0.0,0.0,0.0,0.0,0.0,0.0,0.0,0.0,0.0,0.0,0.0,0.0,0.0,0.0,0.0,0.0,0.0,0.5591819882392883,0.731214165687561,0.6113963723182678,0.717746376991272,0.6463200449943542,0.6843624114990234,0.678138017654419,0.6611082553863525,0.7060854434967041,0.6284914612770081,0.6087605953216553,0.5634785294532776,0.6539706587791443,0.5320125222206116,0.6815326809883118,0.5709530115127563,0.6920541524887085,0.6163644790649414,0.6006643176078796,0.5513372421264648,0.656629204750061,0.5132182836532593,0.6854864954948425,0.5622385144233704,0.6932950615882874,0.6111066937446594,0.5978776812553406,0.5527564883232117,0.6574902534484863,0.5085468292236328,0.6853936314582825,0.5598762035369873,0.6929129958152771,0.6113892197608948,0.6014477610588074,0.568121612071991,0.6552869081497192,0.5453617572784424,0.6809428334236145,0.5767286419868469,0.6913966536521912,0.6129364371299744
0,0.0,0.0,0.0,0.0,0.0,0.0,0.0,0.0,0.0,0.0,0.0,0.0,0.0,0.0,0.0,0.0,0.0,0.0,0.0,0.0,0.0,0.0,0.0,0.0,0.0,0.0,0.0,0.0,0.0,0.0,0.0,0.0,0.0,0.0,0.0,0.0,0.0,0.0,0.0,0.0,0.0,0.0,0.573236346244812,0.7382664680480957,0.6264514923095703,0.7291358709335327,0.6619409322738647,0.7031509280204773,0.6941246390342712,0.6769284009933472,0.7235848903656006,0.6415138244628906,0.6368356943130493,0.6093423962593079,0.6738439798355103,0.5784681439399719,0.6990238428115845,0.5997944474220276,0.7129848003387451,0.6240930557250977,0.630479633808136,0.5893284678459167,0.6760983467102051,0.5436689853668213,0.7025743126869202,0.5784589648246765,0.7130958437919617,0.6220338940620422,0.6251189112663269,0.5768348574638367,0.6735101938247681,0.5245410799980164,0.7023162841796875,0.5655903816223145,0.71434485912323,0.6148720383644104,0.6231017708778381,0.5738379955291748,0.6685360670089722,0.5464805364608765,0.6967074871063232,0.5760424137115479,0.7120599150657654,0.6147580742835999
0,0.0,0.0,0.0,0.0,0.0,0.0,0.0,0.0,0.0,0.0,0.0,0.0,0.0,0.0,0.0,0.0,0.0,0.0,0.0,0.0,0.0,0.0,0.0,0.0,0.0,0.0,0.0,0.0,0.0,0.0,0.0,0.0,0.0,0.0,0.0,0.0,0.0,0.0,0.0,0.0,0.0,0.0,0.5736695528030396,0.7396625876426697,0.6269515752792358,0.7289376258850098,0.6625457406044006,0.7015732526779175,0.6947973370552063,0.6765165328979492,0.7238469123840332,0.640998125076294,0.6369888186454773,0.609065055847168,0.6735986471176147,0.57851243019104,0.6991196274757385,0.5993783473968506,0.7138925194740295,0.6232449412345886,0.6303536891937256,0.5889165997505188,0.6762846112251282,0.5428802371025085,0.7027524709701538,0.5771068334579468,0.7134105563163757,0.620667576789856,0.6243951916694641,0.5765284299850464,0.6737657189369202,0.5226088762283325,0.7021265029907227,0.564790666103363,0.7137359380722046,0.6149114966392517,0.6217570900917053,0.5739738941192627,0.6685519814491272,0.5481153130531311,0.6968982219696045,0.5783430933952332,0.7121778130531311,0.6167663335800171
0,0.0,0.0,0.0,0.0,0.0,0.0,0.0,0.0,0.0,0.0,0.0,0.0,0.0,0.0,0.0,0.0,0.0,0.0,0.0,0.0,0.0,0.0,0.0,0.0,0.0,0.0,0.0,0.0,0.0,0.0,0.0,0.0,0.0,0.0,0.0,0.0,0.0,0.0,0.0,0.0,0.0,0.0,0.6915123462677002,0.5974899530410767,0.7375769019126892,0.625766932964325,0.777859628200531,0.604523777961731,0.8135417103767395,0.583657443523407,0.8431220054626465,0.5514705777168274,0.7612373232841492,0.5267404913902283,0.7910689115524292,0.5215606093406677,0.8141071200370789,0.5381888747215271,0.8303456902503967,0.5531421303749084,0.7603538036346436,0.5023372173309326,0.7968746423721313,0.47885969281196594,0.8219359517097473,0.5014878511428833,0.834651529788971,0.5364795327186584,0.7570167183876038,0.4763563871383667,0.798826277256012,0.44911712408065796,0.823954164981842,0.48428571224212646,0.8339844942092896,0.5286780595779419,0.7547816634178162,0.45492643117904663,0.795495331287384,0.44672125577926636,0.8172666430473328,0.47812050580978394,0.8274725079536438,0.5186929106712341
0,0.0,0.0,0.0,0.0,0.0,0.0,0.0,0.0,0.0,0.0,0.0,0.0,0.0,0.0,0.0,0.0,0.0,0.0,0.0,0.0,0.0,0.0,0.0,0.0,0.0,0.0,0.0,0.0,0.0,0.0,0.0,0.0,0.0,0.0,0.0,0.0,0.0,0.0,0.0,0.0,0.0,0.0,0.6913492679595947,0.598583459854126,0.7384041547775269,0.6250420212745667,0.7770072221755981,0.6066906452178955,0.8117551207542419,0.5860647559165955,0.8422225713729858,0.5568580627441406,0.7617098093032837,0.5285413265228271,0.7927847504615784,0.5193958282470703,0.8161020874977112,0.5345945954322815,0.831184983253479,0.5481659770011902,0.7605032920837402,0.5045598149299622,0.7982019186019897,0.4775380492210388,0.8235024213790894,0.4996943473815918,0.8351316452026367,0.5340775847434998,0.756659984588623,0.47974953055381775,0.7998527884483337,0.4508928656578064,0.8250876665115356,0.48661184310913086,0.8333770036697388,0.5307407975196838,0.753840446472168,0.4585329294204712,0.7966529130935669,0.44709381461143494,0.8183284997940063,0.47815343737602234,0.8265184164047241,0.5180274248123169
0,0.0,0.0,0.0,0.0,0.0,0.0,0.0,0.0,0.0,0.0,0.0,0.0,0.0,0.0,0.0,0.0,0.0,0.0,0.0,0.0,0.0,0.0,0.0,0.0,0.0,0.0,0.0,0.0,0.0,0.0,0.0,0.0,0.0,0.0,0.0,0.0,0.0,0.0,0.0,0.0,0.0,0.0,0.6900435090065002,0.5994933247566223,0.7367982864379883,0.6261916160583496,0.7766715288162231,0.6074619889259338,0.8122631907463074,0.58698570728302,0.8432264924049377,0.5579952001571655,0.7619271278381348,0.5270197987556458,0.7933650612831116,0.5198052525520325,0.8170865178108215,0.535912811756134,0.8325961828231812,0.5499929785728455,0.7607727646827698,0.5037494897842407,0.7984129190444946,0.4763152301311493,0.8236885666847229,0.49921053647994995,0.8352492451667786,0.5342579483985901,0.7568989992141724,0.48026400804519653,0.7995297312736511,0.44973722100257874,0.8249397277832031,0.48520487546920776,0.8334399461746216,0.5293378829956055,0.7541871666908264,0.4604789912700653,0.7968243956565857,0.4477141201496124,0.8187636733055115,0.47830724716186523,0.8274368047714233,0.5179517269134521
0,0.0,0.0,0.0,0.0,0.0,0.0,0.0,0.0,0.0,0.0,0.0,0.0,0.0,0.0,0.0,0.0,0.0,0.0,0.0,0.0,0.0,0.0,0.0,0.0,0.0,0.0,0.0,0.0,0.0,0.0,0.0,0.0,0.0,0.0,0.0,0.0,0.0,0.0,0.0,0.0,0.0,0.0,0.6885910034179688,0.5925447344779968,0.7369504570960999,0.6171956658363342,0.7777933478355408,0.5975564122200012,0.8134661912918091,0.5772011876106262,0.844768226146698,0.5506787896156311,0.761862576007843,0.5193420052528381,0.7939580082893372,0.5114849209785461,0.8171036243438721,0.5293285846710205,0.8319661617279053,0.5444526672363281,0.761000394821167,0.4949544668197632,0.7983418703079224,0.47194981575012207,0.8237559199333191,0.4972003102302551,0.8360108137130737,0.5317910313606262,0.7582899332046509,0.4713551104068756,0.8003442883491516,0.44269418716430664,0.8259944319725037,0.47926515340805054,0.8352694511413574,0.522864580154419,0.7569482326507568,0.45211276412010193,0.7990738153457642,0.4414299726486206,0.8209915161132812,0.4723816514015198,0.8302322626113892,0.5106704831123352
0,0.0,0.0,0.0,0.0,0.0,0.0,0.0,0.0,0.0,0.0,0.0,0.0,0.0,0.0,0.0,0.0,0.0,0.0,0.0,0.0,0.0,0.0,0.0,0.0,0.0,0.0,0.0,0.0,0.0,0.0,0.0,0.0,0.0,0.0,0.0,0.0,0.0,0.0,0.0,0.0,0.0,0.0,0.2660166323184967,0.5305539965629578,0.30874931812286377,0.48504355549812317,0.3331713378429413,0.4379625618457794,0.3507845997810364,0.3974989652633667,0.3635750114917755,0.3598535358905792,0.30573150515556335,0.3673880696296692,0.31973329186439514,0.31684374809265137,0.341754674911499,0.3246280252933502,0.35607996582984924,0.34127408266067505,0.2945983409881592,0.35821476578712463,0.31251320242881775,0.2918557822704315,0.33697113394737244,0.3011148273944855,0.353669136762619,0.323553204536438,0.28256702423095703,0.3574008345603943,0.3039095401763916,0.2871713936328888,0.3315441608428955,0.3025061786174774,0.35092610120773315,0.33240842819213867,0.2715107500553131,0.36692777276039124,0.3027960956096649,0.3294481337070465,0.3298563063144684,0.33217722177505493,0.3512148857116699,0.34506136178970337
0,0.0,0.0,0.0,0.0,0.0,0.0,0.0,0.0,0.0,0.0,0.0,0.0,0.0,0.0,0.0,0.0,0.0,0.0,0.0,0.0,0.0,0.0,0.0,0.0,0.0,0.0,0.0,0.0,0.0,0.0,0.0,0.0,0.0,0.0,0.0,0.0,0.0,0.0,0.0,0.0,0.0,0.0,0.22183233499526978,0.5417689085006714,0.25665345788002014,0.5058996081352234,0.2757240831851959,0.45373961329460144,0.2843959927558899,0.4021700918674469,0.2877867519855499,0.35570377111434937,0.2600712180137634,0.40699777007102966,0.2731650471687317,0.3593141436576843,0.28856566548347473,0.3503367602825165,0.2976747453212738,0.35405516624450684,0.24523603916168213,0.3953516185283661,0.2501539885997772,0.3294680416584015,0.2674107253551483,0.32950952649116516,0.2798580229282379,0.3513874113559723,0.2298012375831604,0.3906707167625427,0.2323249876499176,0.3195359408855438,0.2534506916999817,0.3219442069530487,0.2699541449546814,0.3480374813079834,0.21531343460083008,0.3949112296104431,0.2305753380060196,0.3496931791305542,0.2516233026981354,0.3428903818130493,0.26923179626464844,0.3551000952720642
0,0.0,0.0,0.0,0.0,0.0,0.0,0.0,0.0,0.0,0.0,0.0,0.0,0.0,0.0,0.0,0.0,0.0,0.0,0.0,0.0,0.0,0.0,0.0,0.0,0.0,0.0,0.0,0.0,0.0,0.0,0.0,0.0,0.0,0.0,0.0,0.0,0.0,0.0,0.0,0.0,0.0,0.0,0.21235808730125427,0.5595902800559998,0.24611733853816986,0.5278052091598511,0.2653641402721405,0.47119492292404175,0.2735355794429779,0.4143039584159851,0.2752583622932434,0.3686105012893677,0.25081759691238403,0.42456933856010437,0.25910696387290955,0.37781548500061035,0.271747887134552,0.36813297867774963,0.2810418903827667,0.36872777342796326,0.2364869862794876,0.41332101821899414,0.23904582858085632,0.3471745252609253,0.2541239261627197,0.34425443410873413,0.26619666814804077,0.3627302646636963,0.2214699685573578,0.41005992889404297,0.22324234247207642,0.34047654271125793,0.24214787781238556,0.34209775924682617,0.2569311261177063,0.36914438009262085,0.2066185027360916,0.41481539607048035,0.21847638487815857,0.3686375916004181,0.2369638979434967,0.3597312271595001,0.25303950905799866,0.37223681807518005
0,0.0,0.0,0.0,0.0,0.0,0.0,0.0,0.0,0.0,0.0,0.0,0.0,0.0,0.0,0.0,0.0,0.0,0.0,0.0,0.0,0.0,0.0,0.0,0.0,0.0,0.0,0.0,0.0,0.0,0.0,0.0,0.0,0.0,0.0,0.0,0.0,0.0,0.0,0.0,0.0,0.0,0.0,0.26248040795326233,0.6342803835868835,0.2985145151615143,0.5925045013427734,0.32023584842681885,0.542060136795044,0.3375236690044403,0.5028082132339478,0.3542404770851135,0.4669320583343506,0.28003332018852234,0.4703826606273651,0.3004508316516876,0.42547571659088135,0.32426270842552185,0.435458779335022,0.3390446603298187,0.45553550124168396,0.2668093144893646,0.4648498594760895,0.29673632979393005,0.40744197368621826,0.3225368857383728,0.42290815711021423,0.3364974856376648,0.449515163898468,0.25778838992118835,0.4688020646572113,0.287492960691452,0.40633106231689453,0.31587734818458557,0.4230629503726959,0.3332970142364502,0.45112377405166626,0.2538314759731293,0.48300495743751526,0.2884570062160492,0.4460624158382416,0.315916508436203,0.4485614001750946,0.3358572721481323,0.46006181836128235
0,0.0,0.0,0.0,0.0,0.0,0.0,0.0,0.0,0.0,0.0,0.0,0.0,0.0,0.0,0.0,0.0,0.0,0.0,0.0,0.0,0.0,0.0,0.0,0.0,0.0,0.0,0.0,0.0,0.0,0.0,0.0,0.0,0.0,0.0,0.0,0.0,0.0,0.0,0.0,0.0,0.0,0.0,0.2628124952316284,0.6339959502220154,0.2991102337837219,0.5911964178085327,0.32106468081474304,0.5433356165885925,0.33823174238204956,0.5043748617172241,0.3554263114929199,0.46646976470947266,0.27967578172683716,0.47129473090171814,0.30085164308547974,0.4265804588794708,0.32486504316329956,0.43702951073646545,0.3391185402870178,0.45795097947120667,0.2664009630680084,0.4652887284755707,0.2976941466331482,0.4084411859512329,0.3232737183570862,0.4246891140937805,0.3365846872329712,0.45195525884628296,0.25761091709136963,0.46912574768066406,0.28819650411605835,0.4078747034072876,0.3164502680301666,0.42494314908981323,0.3336126506328583,0.45312920212745667,0.25406765937805176,0.48366934061050415,0.28889620304107666,0.4478979706764221,0.3162371516227722,0.4495706558227539,0.3361557126045227,0.4598062038421631
0,0.0,0.0,0.0,0.0,0.0,0.0,0.0,0.0,0.0,0.0,0.0,0.0,0.0,0.0,0.0,0.0,0.0,0.0,0.0,0.0,0.0,0.0,0.0,0.0,0.0,0.0,0.0,0.0,0.0,0.0,0.0,0.0,0.0,0.0,0.0,0.0,0.0,0.0,0.0,0.0,0.0,0.0,0.2934458553791046,0.6587600708007812,0.3316798508167267,0.6170112490653992,0.3543476164340973,0.5736055970191956,0.37623539566993713,0.5437194108963013,0.3940502107143402,0.5145113468170166,0.30648165941238403,0.4889708161354065,0.3410172462463379,0.4472474157810211,0.36815422773361206,0.4646208882331848,0.38291338086128235,0.4923243820667267,0.2968728244304657,0.48526889085769653,0.34210240840911865,0.4344314932823181,0.37006860971450806,0.4599161446094513,0.38309216499328613,0.49068230390548706,0.29478660225868225,0.4928355813026428,0.3395174741744995,0.43520063161849976,0.3686474859714508,0.4614611566066742,0.3829401135444641,0.49427396059036255,0.30016306042671204,0.510903537273407,0.34138643741607666,0.4749729335308075,0.36694714426994324,0.4849414527416229,0.3824097216129303,0.50191330909729
0,0.0,0.0,0.0,0.0,0.0,0.0,0.0,0.0,0.0,0.0,0.0,0.0,0.0,0.0,0.0,0.0,0.0,0.0,0.0,0.0,0.0,0.0,0.0,0.0,0.0,0.0,0.0,0.0,0.0,0.0,0.0,0.0,0.0,0.0,0.0,0.0,0.0,0.0,0.0,0.0,0.0,0.0,0.2949657142162323,0.6614967584609985,0.3351835012435913,0.6186935305595398,0.3586641252040863,0.5760027170181274,0.38050439953804016,0.546682596206665,0.3990350365638733,0.5172863602638245,0.3126460313796997,0.4907749593257904,0.3458554148674011,0.4495140612125397,0.37172743678092957,0.4683530032634735,0.38553911447525024,0.496336430311203,0.3018505275249481,0.48649173974990845,0.3476337492465973,0.43730872869491577,0.3745083510875702,0.46556249260902405,0.3865438997745514,0.4991598129272461,0.29822272062301636,0.4935264587402344,0.34207481145858765,0.4381139278411865,0.37059155106544495,0.4647393524646759,0.38507553935050964,0.49750828742980957,0.301617294549942,0.5113909244537354,0.34218743443489075,0.4787863790988922,0.36825358867645264,0.48705190420150757,0.38542720675468445,0.5012662410736084
0,0.0,0.0,0.0,0.0,0.0,0.0,0.0,0.0,0.0,0.0,0.0,0.0,0.0,0.0,0.0,0.0,0.0,0.0,0.0,0.0,0.0,0.0,0.0,0.0,0.0,0.0,0.0,0.0,0.0,0.0,0.0,0.0,0.0,0.0,0.0,0.0,0.0,0.0,0.0,0.0,0.0,0.0,0.3928115665912628,0.6912120580673218,0.4453270435333252,0.6425995826721191,0.4736725091934204,0.5940874218940735,0.49875009059906006,0.5651895999908447,0.52300626039505,0.5453133583068848,0.4070955216884613,0.48793044686317444,0.4645198583602905,0.4557580351829529,0.49505603313446045,0.48809993267059326,0.5104091167449951,0.5258618593215942,0.4004823863506317,0.4880795478820801,0.4691556990146637,0.44152379035949707,0.4984150826931,0.4821373522281647,0.5096030235290527,0.5223284959793091,0.4057314395904541,0.5035597085952759,0.46877655386924744,0.44679075479507446,0.498767226934433,0.48676764965057373,0.5103412866592407,0.5261401534080505,0.4202618896961212,0.5308980941772461,0.4728081524372101,0.49869027733802795,0.4993087947368622,0.5162296295166016,0.5132169127464294,0.5362933874130249
0,0.0,0.0,0.0,0.0,0.0,0.0,0.0,0.0,0.0,0.0,0.0,0.0,0.0,0.0,0.0,0.0,0.0,0.0,0.0,0.0,0.0,0.0,0.0,0.0,0.0,0.0,0.0,0.0,0.0,0.0,0.0,0.0,0.0,0.0,0.0,0.0,0.0,0.0,0.0,0.0,0.0,0.0,0.3948918581008911,0.6878584027290344,0.4459530711174011,0.6394568085670471,0.4741181433200836,0.5939706563949585,0.4990232288837433,0.5660253763198853,0.5226061940193176,0.5464773774147034,0.4092006981372833,0.49121928215026855,0.4642922282218933,0.45502549409866333,0.4957718253135681,0.4841950237751007,0.5112627744674683,0.5218719840049744,0.4023813307285309,0.49058055877685547,0.468980610370636,0.4424635171890259,0.5003697276115417,0.4800322651863098,0.5125892758369446,0.5189078450202942,0.4071784019470215,0.5049293041229248,0.4690070152282715,0.44659560918807983,0.5010234117507935,0.4845171272754669,0.5138162970542908,0.5238693952560425,0.421054482460022,0.5306991338729858,0.4729621112346649,0.4991748034954071,0.4997241199016571,0.5147613883018494,0.5139715671539307,0.5340548157691956
0,0.0,0.0,0.0,0.0,0.0,0.0,0.0,0.0,0.0,0.0,0.0,0.0,0.0,0.0,0.0,0.0,0.0,0.0,0.0,0.0,0.0,0.0,0.0,0.0,0.0,0.0,0.0,0.0,0.0,0.0,0.0,0.0,0.0,0.0,0.0,0.0,0.0,0.0,0.0,0.0,0.0,0.0,0.49996307492256165,0.7517029643058777,0.5432246327400208,0.7199706435203552,0.5687608122825623,0.6805620789527893,0.5933905839920044,0.6592263579368591,0.6196841597557068,0.6518256068229675,0.5221330523490906,0.5478245615959167,0.5834478735923767,0.5326375961303711,0.6130331754684448,0.5715217590332031,0.6253006458282471,0.6120591759681702,0.5213701725006104,0.5470598936080933,0.5890530943870544,0.5190781354904175,0.6160698533058167,0.5583816766738892,0.6257312893867493,0.5953020453453064,0.5305240154266357,0.5681594610214233,0.5945256948471069,0.5279461145401001,0.6189002394676208,0.5679080486297607,0.6267027854919434,0.6072126626968384,0.5469638109207153,0.6042057871818542,0.6010273694992065,0.5864928364753723,0.6234434843063354,0.6089413166046143,0.6338995695114136,0.6333516836166382
0,0.0,0.0,0.0,0.0,0.0,0.0,0.0,0.0,0.0,0.0,0.0,0.0,0.0,0.0,0.0,0.0,0.0,0.0,0.0,0.0,0.0,0.0,0.0,0.0,0.0,0.0,0.0,0.0,0.0,0.0,0.0,0.0,0.0,0.0,0.0,0.0,0.0,0.0,0.0,0.0,0.0,0.0,0.5049370527267456,0.7496671676635742,0.5497589707374573,0.7199005484580994,0.5759401321411133,0.6828076839447021,0.6000295281410217,0.6610518097877502,0.6247653961181641,0.65237957239151,0.5286726355552673,0.5506361126899719,0.5901726484298706,0.5340468287467957,0.6187300086021423,0.57102370262146,0.6302438974380493,0.6110076904296875,0.5276567339897156,0.549732506275177,0.5959264039993286,0.5199407339096069,0.6210232377052307,0.5604792237281799,0.6294791102409363,0.5965285301208496,0.537072479724884,0.5697893500328064,0.6010078191757202,0.5301746129989624,0.6241040229797363,0.5714418888092041,0.6307010054588318,0.6102428436279297,0.5534579753875732,0.6042560935020447,0.6070217490196228,0.5867421627044678,0.6299091577529907,0.608802318572998,0.6408697962760925,0.631679356098175
0,0.0,0.0,0.0,0.0,0.0,0.0,0.0,0.0,0.0,0.0,0.0,0.0,0.0,0.0,0.0,0.0,0.0,0.0,0.0,0.0,0.0,0.0,0.0,0.0,0.0,0.0,0.0,0.0,0.0,0.0,0.0,0.0,0.0,0.0,0.0,0.0,0.0,0.0,0.0,0.0,0.0,0.0,0.6004377603530884,0.7053315043449402,0.6425428986549377,0.6812111139297485,0.6713674068450928,0.6477946043014526,0.7011902332305908,0.6302459836006165,0.7250610589981079,0.6246395111083984,0.6190716028213501,0.5119485855102539,0.6842469573020935,0.5034022331237793,0.7099447846412659,0.5536399483680725,0.7158055901527405,0.5982183218002319,0.6233732104301453,0.5070750713348389,0.6947050094604492,0.4893501102924347,0.7159920334815979,0.540613055229187,0.7171197533607483,0.5816551446914673,0.6358826160430908,0.5231716632843018,0.7025838494300842,0.49693775177001953,0.7199174761772156,0.5469614863395691,0.7190194725990295,0.5879212021827698,0.6537022590637207,0.5525884628295898,0.7079487442970276,0.553602933883667,0.7238645553588867,0.5882962942123413,0.7265540957450867,0.6193055510520935
1,0.0,0.0,0.0,0.0,0.0,0.0,0.0,0.0,0.0,0.0,0.0,0.0,0.0,0.0,0.0,0.0,0.0,0.0,0.0,0.0,0.0,0.0,0.0,0.0,0.0,0.0,0.0,0.0,0.0,0.0,0.0,0.0,0.0,0.0,0.0,0.0,0.0,0.0,0.0,0.0,0.0,0.0,0.24459640681743622,0.59341961145401,0.27985265851020813,0.5339200496673584,0.29780513048171997,0.45922574400901794,0.29290586709976196,0.38247519731521606,0.2693779468536377,0.33817172050476074,0.29437947273254395,0.3891777992248535,0.2987697422504425,0.30120599269866943,0.2983953654766083,0.24279263615608215,0.29723212122917175,0.1925276219844818,0.26487576961517334,0.38979044556617737,0.2605869174003601,0.31931087374687195,0.2599918842315674,0.38511595129966736,0.2619592249393463,0.4375755190849304,0.23634250462055206,0.4006393849849701,0.23188436031341553,0.33366549015045166,0.2382986694574356,0.40173202753067017,0.24296291172504425,0.45621782541275024,0.20821340382099152,0.4205568730831146,0.20517002046108246,0.3655308187007904,0.21367260813713074,0.4081237316131592,0.22027495503425598,0.44957491755485535
1,0.0,0.0,0.0,0.0,0.0,0.0,0.0,0.0,0.0,0.0,0.0,0.0,0.0,0.0,0.0,0.0,0.0,0.0,0.0,0.0,0.0,0.0,0.0,0.0,0.0,0.0,0.0,0.0,0.0,0.0,0.0,0.0,0.0,0.0,0.0,0.0,0.0,0.0,0.0,0.0,0.0,0.0,0.4098326563835144,0.6664937734603882,0.44477346539497375,0.6497200131416321,0.47797513008117676,0.5751295685768127,0.48402780294418335,0.5060042142868042,0.464939147233963,0.4572373032569885,0.4495272636413574,0.4692351222038269,0.4528856873512268,0.373349666595459,0.4531398117542267,0.3111383318901062,0.4500133991241455,0.2575136423110962,0.42217639088630676,0.4711673855781555,0.439917653799057,0.4270183742046356,0.44707509875297546,0.5036583542823792,0.44759154319763184,0.5607892274856567,0.39405110478401184,0.48465588688850403,0.4114055037498474,0.4374227225780487,0.4223296344280243,0.5174790620803833,0.42615386843681335,0.5767139792442322,0.36350730061531067,0.5077507495880127,0.3847079575061798,0.4659963846206665,0.40064433217048645,0.5196369290351868,0.40647512674331665,0.5646051168441772
1,0.0,0.0,0.0,0.0,0.0,0.0,0.0,0.0,0.0,0.0,0.0,0.0,0.0,0.0,0.0,0.0,0.0,0.0,0.0,0.0,0.0,0.0,0.0,0.0,0.0,0.0,0.0,0.0,0.0,0.0,0.0,0.0,0.0,0.0,0.0,0.0,0.0,0.0,0.0,0.0,0.0,0.0,0.4091910421848297,0.6781635880470276,0.4460024833679199,0.6497681736946106,0.47771379351615906,0.5795119404792786,0.4865031838417053,0.5147860050201416,0.46715646982192993,0.4700263440608978,0.4517062306404114,0.47103023529052734,0.4545069634914398,0.3689102530479431,0.454539954662323,0.30609261989593506,0.4520176649093628,0.25139281153678894,0.4250461161136627,0.47379156947135925,0.44404396414756775,0.43428003787994385,0.44902920722961426,0.513030469417572,0.44789814949035645,0.5702908039093018,0.39677077531814575,0.4876861274242401,0.4165025055408478,0.4418751299381256,0.4255044162273407,0.5192272067070007,0.4281350076198578,0.5783355236053467,0.3662501275539398,0.5108982920646667,0.3893076777458191,0.4728749990463257,0.4031141698360443,0.5233621001243591,0.4073809087276459,0.5671229362487793
1,0.0,0.0,0.0,0.0,0.0,0.0,0.0,0.0,0.0,0.0,0.0,0.0,0.0,0.0,0.0,0.0,0.0,0.0,0.0,0.0,0.0,0.0,0.0,0.0,0.0,0.0,0.0,0.0,0.0,0.0,0.0,0.0,0.0,0.0,0.0,0.0,0.0,0.0,0.0,0.0,0.0,0.0,0.5482199192047119,0.8217865824699402,0.6107755899429321,0.7737346291542053,0.6426964998245239,0.7222162485122681,0.6686288714408875,0.6881226301193237,0.6898883581161499,0.6541007161140442,0.600924551486969,0.5708680152893066,0.6240807771682739,0.4977007806301117,0.6394698619842529,0.43726372718811035,0.6511130928993225,0.3873627483844757,0.5829874873161316,0.574555516242981,0.6623364090919495,0.5931174159049988,0.6685219407081604,0.6762608885765076,0.6570565700531006,0.723903238773346,0.5749661922454834,0.604884147644043,0.6528586149215698,0.6309292912483215,0.6555101871490479,0.7033253908157349,0.6432241201400757,0.7452950477600098,0.5743480324745178,0.6483194828033447,0.6348905563354492,0.656437337398529,0.6422526836395264,0.7043386697769165,0.6362528800964355,0.7357597351074219
1,0.0,0.0,0.0,0.0,0.0,0.0,0.0,0.0,0.0,0.0,0.0,0.0,0.0,0.0,0.0,0.0,0.0,0.0,0.0,0.0,0.0,0.0,0.0,0.0,0.0,0.0,0.0,0.0,0.0,0.0,0.0,0.0,0.0,0.0,0.0,0.0,0.0,0.0,0.0,0.0,0.0,0.0,0.5493484735488892,0.8207513689994812,0.6102899312973022,0.7717621326446533,0.6423253417015076,0.7204073071479797,0.6693881154060364,0.6859601140022278,0.691468358039856,0.6515266299247742,0.601909339427948,0.5722922682762146,0.6245092153549194,0.49712926149368286,0.6388245224952698,0.43570905923843384,0.6496114134788513,0.3844573497772217,0.5836565494537354,0.574478268623352,0.663131594657898,0.5919337272644043,0.6705836057662964,0.675011157989502,0.6608211994171143,0.7261294722557068,0.5750178098678589,0.603670597076416,0.6528403162956238,0.6311365962028503,0.6556766629219055,0.7043283581733704,0.644521176815033,0.7494112849235535,0.573835015296936,0.6461750864982605,0.6347559094429016,0.6578009128570557,0.6424312591552734,0.7070515155792236,0.6370930075645447,0.7413454651832581
1,0.0,0.0,0.0,0.0,0.0,0.0,0.0,0.0,0.0,0.0,0.0,0.0,0.0,0.0,0.0,0.0,0.0,0.0,0.0,0.0,0.0,0.0,0.0,0.0,0.0,0.0,0.0,0.0,0.0,0.0,0.0,0.0,0.0,0.0,0.0,0.0,0.0,0.0,0.0,0.0,0.0,0.0,0.5489017963409424,0.822746992111206,0.610510528087616,0.7730788588523865,0.6424129009246826,0.7223322987556458,0.6685673594474792,0.6886056661605835,0.6893200874328613,0.6537595391273499,0.6013807654380798,0.574649453163147,0.6237894892692566,0.49884411692619324,0.6379303932189941,0.4368380010128021,0.6481806635856628,0.385265588760376,0.5828542709350586,0.577104926109314,0.6617359519004822,0.5964782238006592,0.6694266200065613,0.6790522933006287,0.6597495079040527,0.7296554446220398,0.5741386413574219,0.6062214970588684,0.6517027020454407,0.634721577167511,0.6547011137008667,0.7075766921043396,0.6436521410942078,0.7523219585418701,0.5732114315032959,0.6485132575035095,0.6329851746559143,0.658315896987915,0.6403324604034424,0.7068624496459961,0.6350731253623962,0.7411832213401794
1,0.0,0.0,0.0,0.0,0.0,0.0,0.0,0.0,0.0,0.0,0.0,0.0,0.0,0.0,0.0,0.0,0.0,0.0,0.0,0.0,0.0,0.0,0.0,0.0,0.0,0.0,0.0,0.0,0.0,0.0,0.0,0.0,0.0,0.0,0.0,0.0,0.0,0.0,0.0,0.0,0.0,0.0,0.547420859336853,0.8218361139297485,0.6088452339172363,0.7720962166786194,0.6409061551094055,0.7201361060142517,0.6676688194274902,0.6864596009254456,0.6903448104858398,0.6544561386108398,0.5991183519363403,0.5737464427947998,0.6212520003318787,0.5003061294555664,0.6357074975967407,0.439091295003891,0.6469031572341919,0.38779258728027344,0.581328809261322,0.5768481492996216,0.6619686484336853,0.5940438508987427,0.6696059703826904,0.6774213314056396,0.6595063805580139,0.7282387018203735,0.5732499957084656,0.6062525510787964,0.6516467332839966,0.6321861147880554,0.6551807522773743,0.7061965465545654,0.6440066695213318,0.751529335975647,0.5726897716522217,0.6487645506858826,0.6328926086425781,0.6561093926429749,0.6410736441612244,0.705129086971283,0.6363880038261414,0.7399477958679199
1,0.0,0.0,0.0,0.0,0.0,0.0,0.0,0.0,0.0,0.0,0.0,0.0,0.0,0.0,0.0,0.0,0.0,0.0,0.0,0.0,0.0,0.0,0.0,0.0,0.0,0.0,0.0,0.0,0.0,0.0,0.0,0.0,0.0,0.0,0.0,0.0,0.0,0.0,0.0,0.0,0.0,0.0,0.3587389886379242,0.6644590497016907,0.38962462544441223,0.6273517608642578,0.4148269295692444,0.5536060333251953,0.42114192247390747,0.4901547133922577,0.4063614308834076,0.43814361095428467,0.3667547106742859,0.4363349676132202,0.37025779485702515,0.3592783808708191,0.36831942200660706,0.30117470026016235,0.3658301830291748,0.2504689693450928,0.33845317363739014,0.43826669454574585,0.37663039565086365,0.40452393889427185,0.39332661032676697,0.48277541995048523,0.39704999327659607,0.5413395166397095,0.3136449456214905,0.4586452841758728,0.3536403775215149,0.43846359848976135,0.3721153736114502,0.51433926820755,0.3776414096355438,0.5686765909194946,0.2918415665626526,0.49372339248657227,0.3289424479007721,0.4732381999492645,0.3518047630786896,0.5239257216453552,0.3619520664215088,0.566347599029541
1,0.0,0.0,0.0,0.0,0.0,0.0,0.0,0.0,0.0,0.0,0.0,0.0,0.0,0.0,0.0,0.0,0.0,0.0,0.0,0.0,0.0,0.0,0.0,0.0,0.0,0.0,0.0,0.0,0.0,0.0,0.0,0.0,0.0,0.0,0.0,0.0,0.0,0.0,0.0,0.0,0.0,0.0,0.3569374978542328,0.6604841947555542,0.3879661560058594,0.6269006133079529,0.412607878446579,0.552301824092865,0.4183605909347534,0.48909249901771545,0.40427207946777344,0.4381065368652344,0.36372077465057373,0.4359295964241028,0.3656710684299469,0.3553013801574707,0.3631555140018463,0.29460328817367554,0.36037036776542664,0.24275580048561096,0.3364887535572052,0.4395759701728821,0.3740856349468231,0.4026561975479126,0.39067891240119934,0.4846416711807251,0.39411798119544983,0.5445869565010071,0.3130740225315094,0.4605288505554199,0.350818932056427,0.4348072409629822,0.36962759494781494,0.5114195942878723,0.37565159797668457,0.566795289516449,0.2917742133140564,0.4962508976459503,0.3271240293979645,0.4730127453804016,0.35090968012809753,0.5243754982948303,0.36177176237106323,0.5673173069953918
1,0.0,0.0,0.0,0.0,0.0,0.0,0.0,0.0,0.0,0.0,0.0,0.0,0.0,0.0,0.0,0.0,0.0,0.0,0.0,0.0,0.0,0.0,0.0,0.0,0.0,0.0,0.0,0.0,0.0,0.0,0.0,0.0,0.0,0.0,0.0,0.0,0.0,0.0,0.0,0.0,0.0,0.0,0.3490161597728729,0.6604489684104919,0.3855574429035187,0.6225053668022156,0.4116017818450928,0.5508180260658264,0.4158439338207245,0.48585712909698486,0.39563244581222534,0.4367713928222656,0.38037917017936707,0.4359453320503235,0.37906405329704285,0.3360861539840698,0.37661704421043396,0.27512699365615845,0.3745291233062744,0.22166907787322998,0.3521522283554077,0.44442933797836304,0.3714560568332672,0.4067721962928772,0.3812105655670166,0.487513929605484,0.3838081955909729,0.545612633228302,0.32475244998931885,0.46527332067489624,0.34425243735313416,0.4266679286956787,0.35710403323173523,0.5033102631568909,0.36158624291419983,0.5590553879737854,0.2971997857093811,0.49702051281929016,0.3165276050567627,0.45744550228118896,0.3337413966655731,0.5075391530990601,0.34038323163986206,0.5500131249427795
1,0.0,0.0,0.0,0.0,0.0,0.0,0.0,0.0,0.0,0.0,0.0,0.0,0.0,0.0,0.0,0.0,0.0,0.0,0.0,0.0,0.0,0.0,0.0,0.0,0.0,0.0,0.0,0.0,0.0,0.0,0.0,0.0,0.0,0.0,0.0,0.0,0.0,0.0,0.0,0.0,0.0,0.0,0.32228735089302063,0.6861451864242554,0.36073461174964905,0.6353931427001953,0.38240543007850647,0.561632513999939,0.37278181314468384,0.49128925800323486,0.3578855097293854,0.4336845278739929,0.368696004152298,0.4515717029571533,0.3679744005203247,0.3488922715187073,0.3650748133659363,0.28540435433387756,0.3619232475757599,0.2292245477437973,0.3359372317790985,0.45780235528945923,0.33627116680145264,0.4049258828163147,0.34255802631378174,0.48330050706863403,0.34683844447135925,0.5469218492507935,0.30530017614364624,0.47640758752822876,0.3065449595451355,0.42578139901161194,0.31886398792266846,0.5046038031578064,0.3264530599117279,0.5662747025489807,0.2754949927330017,0.5053496956825256,0.27845466136932373,0.4548681080341339,0.292370080947876,0.5069248080253601,0.3004361093044281,0.5536177754402161
1,0.0,0.0,0.0,0.0,0.0,0.0,0.0,0.0,0.0,0.0,0.0,0.0,0.0,0.0,0.0,0.0,0.0,0.0,0.0,0.0,0.0,0.0,0.0,0.0,0.0,0.0,0.0,0.0,0.0,0.0,0.0,0.0,0.0,0.0,0.0,0.0,0.0,0.0,0.0,0.0,0.0,0.0,0.3231758773326874,0.679284393787384,0.36009109020233154,0.6288566589355469,0.3820595145225525,0.5533735752105713,0.37589651346206665,0.48373743891716003,0.3588572144508362,0.427686482667923,0.3675285875797272,0.44181138277053833,0.36749303340911865,0.3385770618915558,0.364837110042572,0.2747732698917389,0.3620310127735138,0.21782800555229187,0.33623653650283813,0.4485921263694763,0.33619779348373413,0.3956710696220398,0.34324049949645996,0.47278687357902527,0.34775543212890625,0.5354100465774536,0.3063429296016693,0.4674617350101471,0.30726200342178345,0.4212682843208313,0.3200949430465698,0.4982669949531555,0.3271462321281433,0.5567407608032227,0.27676451206207275,0.4964073598384857,0.27918946743011475,0.448855459690094,0.2931138277053833,0.499417245388031,0.30067235231399536,0.5428149104118347
1,0.0,0.0,0.0,0.0,0.0,0.0,0.0,0.0,0.0,0.0,0.0,0.0,0.0,0.0,0.0,0.0,0.0,0.0,0.0,0.0,0.0,0.0,0.0,0.0,0.0,0.0,0.0,0.0,0.0,0.0,0.0,0.0,0.0,0.0,0.0,0.0,0.0,0.0,0.0,0.0,0.0,0.0,0.28065067529678345,0.7058864831924438,0.31858643889427185,0.6483052968978882,0.33439362049102783,0.5647843480110168,0.303160697221756,0.48434486985206604,0.27594149112701416,0.4280175566673279,0.34733307361602783,0.45509183406829834,0.3618055582046509,0.35335060954093933,0.37004759907722473,0.28777799010276794,0.3766641616821289,0.2310851365327835,0.3085091710090637,0.45333585143089294,0.29731476306915283,0.37537041306495667,0.29437240958213806,0.4460163116455078,0.29759305715560913,0.5032693147659302,0.2732542157173157,0.46804293990135193,0.2595265805721283,0.40999650955200195,0.2663068473339081,0.4894093871116638,0.273565411567688,0.5433704257011414,0.24107412993907928,0.4974161386489868,0.2306927889585495,0.44026902318000793,0.2392876148223877,0.4930979013442993,0.24761100113391876,0.535794734954834
1,0.0,0.0,0.0,0.0,0.0,0.0,0.0,0.0,0.0,0.0,0.0,0.0,0.0,0.0,0.0,0.0,0.0,0.0,0.0,0.0,0.0,0.0,0.0,0.0,0.0,0.0,0.0,0.0,0.0,0.0,0.0,0.0,0.0,0.0,0.0,0.0,0.0,0.0,0.0,0.0,0.0,0.0,0.28454697132110596,0.7069283127784729,0.3240025043487549,0.6487762331962585,0.3396117091178894,0.5677183270454407,0.31167668104171753,0.4871333837509155,0.289736270904541,0.4254608750343323,0.34913983941078186,0.4589395821094513,0.3618980646133423,0.3583764135837555,0.3701430559158325,0.2915360927581787,0.37599506974220276,0.23542317748069763,0.31013938784599304,0.45808619260787964,0.3029133677482605,0.3803676664829254,0.30185040831565857,0.4574761688709259,0.3040606677532196,0.5180985331535339,0.27440035343170166,0.4724847972393036,0.2655269503593445,0.41391339898109436,0.27327874302864075,0.4962928295135498,0.278278112411499,0.5524502396583557,0.240511953830719,0.5005782246589661,0.23404774069786072,0.44060811400413513,0.24387004971504211,0.49616917967796326,0.25029557943344116,0.5404537916183472
1,0.0,0.0,0.0,0.0,0.0,0.0,0.0,0.0,0.0,0.0,0.0,0.0,0.0,0.0,0.0,0.0,0.0,0.0,0.0,0.0,0.0,0.0,0.0,0.0,0.0,0.0,0.0,0.0,0.0,0.0,0.0,0.0,0.0,0.0,0.0,0.0,0.0,0.0,0.0,0.0,0.0,0.0,0.33129167556762695,0.6945300102233887,0.3676629662513733,0.6328778862953186,0.3894909620285034,0.5627266764640808,0.3970097601413727,0.5037712454795837,0.3873733580112457,0.44779250025749207,0.35155120491981506,0.44957008957862854,0.36438167095184326,0.3558119535446167,0.37136292457580566,0.30026695132255554,0.37598374485969543,0.24745479226112366,0.32517009973526,0.456455796957016,0.3579287528991699,0.407207727432251,0.3699416518211365,0.4857243001461029,0.3686258792877197,0.5437151789665222,0.3011329174041748,0.47584018111228943,0.3374287188053131,0.437797486782074,0.35041168332099915,0.5120949149131775,0.3500030040740967,0.5642521381378174,0.27822378277778625,0.508335292339325,0.30891120433807373,0.46149587631225586,0.3288150727748871,0.505420982837677,0.3356534242630005,0.5472476482391357
1,0.0,0.0,0.0,0.0,0.0,0.0,0.0,0.0,0.0,0.0,0.0,0.0,0.0,0.0,0.0,0.0,0.0,0.0,0.0,0.0,0.0,0.0,0.0,0.0,0.0,0.0,0.0,0.0,0.0,0.0,0.0,0.0,0.0,0.0,0.0,0.0,0.0,0.0,0.0,0.0,0.0,0.0,0.33001571893692017,0.6975624561309814,0.36650121212005615,0.6368011236190796,0.3885716497898102,0.5657325983047485,0.39556920528411865,0.5069926977157593,0.38585323095321655,0.4512808918952942,0.35081547498703003,0.4526289105415344,0.3629937171936035,0.3609474301338196,0.36943942308425903,0.30651092529296875,0.3741726279258728,0.2547515630722046,0.32407334446907043,0.4587935209274292,0.35692575573921204,0.4115011692047119,0.3691696524620056,0.49071720242500305,0.3682820200920105,0.5484958291053772,0.299993634223938,0.4774736762046814,0.33718013763427734,0.44166243076324463,0.35012567043304443,0.5173092484474182,0.3495616018772125,0.5689924955368042,0.2771161198616028,0.508979082107544,0.30912166833877563,0.46592476963996887,0.32816749811172485,0.5112090706825256,0.33372563123703003,0.5516208410263062
1,0.0,0.0,0.0,0.0,0.0,0.0,0.0,0.0,0.0,0.0,0.0,0.0,0.0,0.0,0.0,0.0,0.0,0.0,0.0,0.0,0.0,0.0,0.0,0.0,0.0,0.0,0.0,0.0,0.0,0.0,0.0,0.0,0.0,0.0,0.0,0.0,0.0,0.0,0.0,0.0,0.0,0.0,0.32219967246055603,0.69629967212677,0.3462050259113312,0.618129551410675,0.36802566051483154,0.5450471043586731,0.4018959701061249,0.503061056137085,0.4305725693702698,0.482232928276062,0.320571631193161,0.45831581950187683,0.3523486256599426,0.3748564124107361,0.36531171202659607,0.3199668228626251,0.3742581605911255,0.2712388038635254,0.32120564579963684,0.46959954500198364,0.3974056839942932,0.4364042580127716,0.4016786217689514,0.48839738965034485,0.3877214193344116,0.5153005719184875,0.3325248658657074,0.4999055862426758,0.4048367738723755,0.4758927524089813,0.4011520743370056,0.5217339992523193,0.38392460346221924,0.5409653186798096,0.35022392868995667,0.5366467237472534,0.4068963825702667,0.5188600420951843,0.4035370945930481,0.5556126236915588,0.3885532319545746,0.5747532844543457
1,0.0,0.0,0.0,0.0,0.0,0.0,0.0,0.0,0.0,0.0,0.0,0.0,0.0,0.0,0.0,0.0,0.0,0.0,0.0,0.0,0.0,0.0,0.0,0.0,0.0,0.0,0.0,0.0,0.0,0.0,0.0,0.0,0.0,0.0,0.0,0.0,0.0,0.0,0.0,0.0,0.0,0.0,0.3251791000366211,0.6798471212387085,0.33695781230926514,0.5961288213729858,0.3512619137763977,0.5208154916763306,0.375897079706192,0.4769061505794525,0.3964560031890869,0.45593997836112976,0.3234524130821228,0.4514615833759308,0.35372793674468994,0.3652547597885132,0.3679136037826538,0.31114423274993896,0.37812119722366333,0.2666665315628052,0.3261703550815582,0.4657779932022095,0.40130117535591125,0.4325118362903595,0.40453192591667175,0.4790860712528229,0.39068567752838135,0.5017498731613159,0.3383754789829254,0.4968729615211487,0.4078770577907562,0.47182145714759827,0.4043296277523041,0.5109708905220032,0.38847482204437256,0.5271499156951904,0.35526445508003235,0.533649742603302,0.4082629084587097,0.5132923126220703,0.4054975211620331,0.5419484376907349,0.39249423146247864,0.5565746426582336
1,0.0,0.0,0.0,0.0,0.0,0.0,0.0,0.0,0.0,0.0,0.0,0.0,0.0,0.0,0.0,0.0,0.0,0.0,0.0,0.0,0.0,0.0,0.0,0.0,0.0,0.0,0.0,0.0,0.0,0.0,0.0,0.0,0.0,0.0,0.0,0.0,0.0,0.0,0.0,0.0,0.0,0.0,0.36288154125213623,0.7004372477531433,0.39901304244995117,0.6426980495452881,0.42031949758529663,0.5716328620910645,0.4297165870666504,0.5140430927276611,0.4305974841117859,0.4606761336326599,0.387002170085907,0.4730050563812256,0.39571845531463623,0.3792562484741211,0.4033970832824707,0.32449692487716675,0.4082902669906616,0.27377045154571533,0.3639524579048157,0.4785809814929962,0.3980616331100464,0.43017804622650146,0.41128572821617126,0.5042070150375366,0.41013550758361816,0.5606678128242493,0.342038631439209,0.49377211928367615,0.3794061541557312,0.45127391815185547,0.3911178410053253,0.5223537087440491,0.3893299400806427,0.5744456052780151,0.3196790814399719,0.5198428630828857,0.35578396916389465,0.4775737524032593,0.3719366788864136,0.5225726366043091,0.3731464743614197,0.5634924173355103
1,0.0,0.0,0.0,0.0,0.0,0.0,0.0,0.0,0.0,0.0,0.0,0.0,0.0,0.0,0.0,0.0,0.0,0.0,0.0,0.0,0.0,0.0,0.0,0.0,0.0,0.0,0.0,0.0,0.0,0.0,0.0,0.0,0.0,0.0,0.0,0.0,0.0,0.0,0.0,0.0,0.0,0.0,0.28428468108177185,0.6923282146453857,0.31973814964294434,0.6303675174713135,0.3369116187095642,0.5495705604553223,0.3225979208946228,0.4683838486671448,0.30562669038772583,0.4066115617752075,0.35729655623435974,0.4650953412055969,0.36652281880378723,0.37816494703292847,0.3718080520629883,0.3204140067100525,0.3767579197883606,0.2721021771430969,0.324532687664032,0.464712917804718,0.3186718225479126,0.38035857677459717,0.3125273883342743,0.4403848350048065,0.31335288286209106,0.4869600832462311,0.29374098777770996,0.4759656488895416,0.2858353555202484,0.40866976976394653,0.2848781943321228,0.4767788052558899,0.2880273461341858,0.5227966904640198,0.26453572511672974,0.4967498183250427,0.25665992498397827,0.44235122203826904,0.25886496901512146,0.48768797516822815,0.26442450284957886,0.5224376916885376
1,0.0,0.0,0.0,0.0,0.0,0.0,0.0,0.0,0.0,0.0,0.0,0.0,0.0,0.0,0.0,0.0,0.0,0.0,0.0,0.0,0.0,0.0,0.0,0.0,0.0,0.0,0.0,0.0,0.0,0.0,0.0,0.0,0.0,0.0,0.0,0.0,0.0,0.0,0.0,0.0,0.0,0.0,0.27546802163124084,0.6841164827346802,0.3091906011104584,0.6246700286865234,0.3230951130390167,0.5442166328430176,0.3051782548427582,0.46460017561912537,0.28733521699905396,0.4038931727409363,0.3464046120643616,0.46954435110092163,0.3556522727012634,0.38223615288734436,0.36113566160202026,0.32487428188323975,0.3654460608959198,0.2757417559623718,0.31330204010009766,0.46717825531959534,0.30607476830482483,0.3872458338737488,0.298452764749527,0.4463459551334381,0.29740670323371887,0.4955400228500366,0.2821919023990631,0.47594839334487915,0.27356287837028503,0.409378319978714,0.2727469801902771,0.4759266674518585,0.27567458152770996,0.5242105722427368,0.2537896931171417,0.4940207004547119,0.24601227045059204,0.4423618018627167,0.24784144759178162,0.4852772057056427,0.2531784772872925,0.5201452374458313
1,0.0,0.0,0.0,0.0,0.0,0.0,0.0,0.0,0.0,0.0,0.0,0.0,0.0,0.0,0.0,0.0,0.0,0.0,0.0,0.0,0.0,0.0,0.0,0.0,0.0,0.0,0.0,0.0,0.0,0.0,0.0,0.0,0.0,0.0,0.0,0.0,0.0,0.0,0.0,0.0,0.0,0.0,0.33489692211151123,0.6955206394195557,0.37632840871810913,0.6401834487915039,0.39832714200019836,0.5602203607559204,0.39905017614364624,0.488514244556427,0.3958406150341034,0.42340508103370667,0.37513357400894165,0.47646868228912354,0.38192465901374817,0.39211010932922363,0.38546067476272583,0.3399021029472351,0.3882458806037903,0.2920028567314148,0.3507348895072937,0.4764283299446106,0.36376065015792847,0.4124096632003784,0.37203481793403625,0.4768170714378357,0.373437762260437,0.5354841351509094,0.32446232438087463,0.4883460998535156,0.3371503949165344,0.4287463426589966,0.34995388984680176,0.4977588653564453,0.35437601804733276,0.5587509274482727,0.29475724697113037,0.5103346109390259,0.30944550037384033,0.451036661863327,0.32757076621055603,0.49052315950393677,0.33624014258384705,0.5391013026237488
1,0.0,0.0,0.0,0.0,0.0,0.0,0.0,0.0,0.0,0.0,0.0,0.0,0.0,0.0,0.0,0.0,0.0,0.0,0.0,0.0,0.0,0.0,0.0,0.0,0.0,0.0,0.0,0.0,0.0,0.0,0.0,0.0,0.0,0.0,0.0,0.0,0.0,0.0,0.0,0.0,0.0,0.0,0.30218321084976196,0.5850670337677002,0.3333374559879303,0.5396732091903687,0.35384684801101685,0.4803295135498047,0.36479440331459045,0.4311903417110443,0.3684702515602112,0.3831326961517334,0.33003243803977966,0.3930622339248657,0.3330916464328766,0.3131421208381653,0.33554717898368835,0.26754987239837646,0.3376399278640747,0.22713793814182281,0.31025466322898865,0.39686256647109985,0.3298070430755615,0.3476869463920593,0.3435952067375183,0.4016045928001404,0.34796077013015747,0.44854962825775146,0.2901539206504822,0.4098307490348816,0.3110177516937256,0.3709515333175659,0.32611164450645447,0.42757630348205566,0.33135658502578735,0.47420287132263184,0.26861879229545593,0.43116822838783264,0.2888069450855255,0.4026930332183838,0.30646318197250366,0.4373341500759125,0.3140062689781189,0.47126778960227966
1,0.0,0.0,0.0,0.0,0.0,0.0,0.0,0.0,0.0,0.0,0.0,0.0,0.0,0.0,0.0,0.0,0.0,0.0,0.0,0.0,0.0,0.0,0.0,0.0,0.0,0.0,0.0,0.0,0.0,0.0,0.0,0.0,0.0,0.0,0.0,0.0,0.0,0.0,0.0,0.0,0.0,0.0,0.29336678981781006,0.5778539776802063,0.32286399602890015,0.5316588878631592,0.33482852578163147,0.4721354842185974,0.32573625445365906,0.4163641035556793,0.31667375564575195,0.3680538833141327,0.3263976573944092,0.3678010404109955,0.32725319266319275,0.28130367398262024,0.32518264651298523,0.22646279633045197,0.3229454755783081,0.1786615550518036,0.29794004559516907,0.37792515754699707,0.29171469807624817,0.3159328103065491,0.2941422462463379,0.37888404726982117,0.298714816570282,0.4307343363761902,0.2718653380870819,0.40170544385910034,0.2672255337238312,0.3531795144081116,0.27575308084487915,0.4146344065666199,0.28235140442848206,0.46092039346694946,0.24845117330551147,0.43592369556427,0.24520306289196014,0.3923666477203369,0.25665950775146484,0.43345144391059875,0.26474085450172424,0.4692860245704651
1,0.0,0.0,0.0,0.0,0.0,0.0,0.0,0.0,0.0,0.0,0.0,0.0,0.0,0.0,0.0,0.0,0.0,0.0,0.0,0.0,0.0,0.0,0.0,0.0,0.0,0.0,0.0,0.0,0.0,0.0,0.0,0.0,0.0,0.0,0.0,0.0,0.0,0.0,0.0,0.0,0.0,0.0,0.3183307349681854,0.5968284010887146,0.344628244638443,0.5595529079437256,0.35668113827705383,0.4958300292491913,0.3540707230567932,0.4417681097984314,0.3491041660308838,0.39531409740448,0.3432519733905792,0.40567901730537415,0.3407653868198395,0.3334982395172119,0.33723869919776917,0.2843097448348999,0.3323868215084076,0.2421550154685974,0.3187756836414337,0.412348210811615,0.3188227117061615,0.34418511390686035,0.3259582817554474,0.40400055050849915,0.33147114515304565,0.4547141492366791,0.2950935959815979,0.431001752614975,0.29550614953041077,0.3811493217945099,0.3073115646839142,0.4428229033946991,0.3153882622718811,0.48807036876678467,0.271491676568985,0.46108636260032654,0.27255529165267944,0.4168648421764374,0.28740859031677246,0.45484787225723267,0.2976643741130829,0.4886627793312073
1,0.0,0.0,0.0,0.0,0.0,0.0,0.0,0.0,0.0,0.0,0.0,0.0,0.0,0.0,0.0,0.0,0.0,0.0,0.0,0.0,0.0,0.0,0.0,0.0,0.0,0.0,0.0,0.0,0.0,0.0,0.0,0.0,0.0,0.0,0.0,0.0,0.0,0.0,0.0,0.0,0.0,0.0,0.31277942657470703,0.6006709337234497,0.3379877209663391,0.5636048316955566,0.3486000895500183,0.5045716166496277,0.34494709968566895,0.45197126269340515,0.34086838364601135,0.40651935338974,0.33650654554367065,0.40962886810302734,0.3324221670627594,0.3358195424079895,0.32801756262779236,0.28578364849090576,0.3220803439617157,0.24446536600589752,0.3108277916908264,0.416547030210495,0.30873042345046997,0.34853124618530273,0.31546810269355774,0.4077407419681549,0.32033655047416687,0.4572952389717102,0.2865076959133148,0.436479389667511,0.2858077585697174,0.38589560985565186,0.29758498072624207,0.44450709223747253,0.3050946593284607,0.48941314220428467,0.26239973306655884,0.46845558285713196,0.2628209590911865,0.4250166714191437,0.27776509523391724,0.4610782861709595,0.28744179010391235,0.49402669072151184
1,0.0,0.0,0.0,0.0,0.0,0.0,0.0,0.0,0.0,0.0,0.0,0.0,0.0,0.0,0.0,0.0,0.0,0.0,0.0,0.0,0.0,0.0,0.0,0.0,0.0,0.0,0.0,0.0,0.0,0.0,0.0,0.0,0.0,0.0,0.0,0.0,0.0,0.0,0.0,0.0,0.0,0.0,0.3150513768196106,0.5845549702644348,0.34011346101760864,0.5594508051872253,0.3596591651439667,0.500672459602356,0.3661813735961914,0.4527405798435211,0.37182480096817017,0.40845784544944763,0.3349071443080902,0.3989811837673187,0.335022896528244,0.31261539459228516,0.3331522047519684,0.25608083605766296,0.32870373129844666,0.20781093835830688,0.31142789125442505,0.4074856638908386,0.3302214741706848,0.3578013777732849,0.3443649113178253,0.4191143214702606,0.3484082818031311,0.46848952770233154,0.28876349329948425,0.42682111263275146,0.30740824341773987,0.38860321044921875,0.3247833549976349,0.45110732316970825,0.3317568898200989,0.49701371788978577,0.26542481780052185,0.4569160044193268,0.284280925989151,0.42545273900032043,0.3037448823451996,0.46656596660614014,0.31304728984832764,0.5014864206314087
1,0.0,0.0,0.0,0.0,0.0,0.0,0.0,0.0,0.0,0.0,0.0,0.0,0.0,0.0,0.0,0.0,0.0,0.0,0.0,0.0,0.0,0.0,0.0,0.0,0.0,0.0,0.0,0.0,0.0,0.0,0.0,0.0,0.0,0.0,0.0,0.0,0.0,0.0,0.0,0.0,0.0,0.0,0.30840063095092773,0.5932480692863464,0.3377856910228729,0.5551022291183472,0.3566594123840332,0.49507635831832886,0.36553531885147095,0.4462616443634033,0.3729993999004364,0.40093693137168884,0.330849826335907,0.3816707730293274,0.3305583894252777,0.28686976432800293,0.3277371823787689,0.2312738448381424,0.3234788477420807,0.1828010529279709,0.3065025210380554,0.39063552021980286,0.32778236269950867,0.3427637219429016,0.34533369541168213,0.4081210792064667,0.3507086932659149,0.4582262337207794,0.2837493121623993,0.4113977253437042,0.30757936835289,0.3769550919532776,0.3245103359222412,0.44303590059280396,0.32887718081474304,0.4903762936592102,0.2612278461456299,0.44271764159202576,0.2831929624080658,0.41559672355651855,0.3023540675640106,0.4570445418357849,0.30921074748039246,0.491077721118927
1,0.0,0.0,0.0,0.0,0.0,0.0,0.0,0.0,0.0,0.0,0.0,0.0,0.0,0.0,0.0,0.0,0.0,0.0,0.0,0.0,0.0,0.0,0.0,0.0,0.0,0.0,0.0,0.0,0.0,0.0,0.0,0.0,0.0,0.0,0.0,0.0,0.0,0.0,0.0,0.0,0.0,0.0,0.3185514211654663,0.6149561405181885,0.35920006036758423,0.5729376673698425,0.3866257965564728,0.5131447315216064,0.40798524022102356,0.46943846344947815,0.432949423789978,0.4390363395214081,0.3504510223865509,0.3861563503742218,0.35868149995803833,0.30638599395751953,0.35930541157722473,0.24677491188049316,0.35857832431793213,0.196584090590477,0.3255031406879425,0.3891546428203583,0.37909701466560364,0.3686699867248535,0.39909467101097107,0.43742355704307556,0.4028902053833008,0.49108871817588806,0.30692338943481445,0.41122007369995117,0.3646847605705261,0.4080894887447357,0.3824560344219208,0.4767264723777771,0.3865034282207489,0.526817798614502,0.2942984402179718,0.4457697570323944,0.3396531641483307,0.43983277678489685,0.36029481887817383,0.48528364300727844,0.36904817819595337,0.5227309465408325
1,0.0,0.0,0.0,0.0,0.0,0.0,0.0,0.0,0.0,0.0,0.0,0.0,0.0,0.0,0.0,0.0,0.0,0.0,0.0,0.0,0.0,0.0,0.0,0.0,0.0,0.0,0.0,0.0,0.0,0.0,0.0,0.0,0.0,0.0,0.0,0.0,0.0,0.0,0.0,0.0,0.0,0.0,0.32238322496414185,0.6225566267967224,0.3607485890388489,0.5801087617874146,0.38683396577835083,0.5182197690010071,0.4091012477874756,0.47320836782455444,0.43716344237327576,0.4450382888317108,0.35303354263305664,0.39680638909339905,0.36044996976852417,0.31415021419525146,0.3605046570301056,0.2552509903907776,0.35927537083625793,0.20607641339302063,0.3282625675201416,0.4007628262042999,0.37966904044151306,0.37557926774024963,0.3993549644947052,0.44377365708351135,0.4035871624946594,0.49604350328445435,0.30950313806533813,0.42277899384498596,0.36535605788230896,0.4154668152332306,0.3824853003025055,0.4837886691093445,0.38667863607406616,0.533161461353302,0.29617244005203247,0.45698022842407227,0.3395790159702301,0.4481198191642761,0.35983580350875854,0.4945128262042999,0.3688979148864746,0.5324788689613342
2,0.0,0.0,0.0,0.0,0.0,0.0,0.0,0.0,0.0,0.0,0.0,0.0,0.0,0.0,0.0,0.0,0.0,0.0,0.0,0.0,0.0,0.0,0.0,0.0,0.0,0.0,0.0,0.0,0.0,0.0,0.0,0.0,0.0,0.0,0.0,0.0,0.0,0.0,0.0,0.0,0.0,0.0,0.39798611402511597,0.6499103903770447,0.4305775761604309,0.6192463040351868,0.44427257776260376,0.5553271174430847,0.43467146158218384,0.5031403303146362,0.4183214008808136,0.45551466941833496,0.4327906370162964,0.43008798360824585,0.4411160945892334,0.3376966118812561,0.4461609721183777,0.2761549949645996,0.4496224820613861,0.22443360090255737,0.40129879117012024,0.4285617768764496,0.3858431577682495,0.3264806866645813,0.3786456286907196,0.25676923990249634,0.3743472695350647,0.19970154762268066,0.37361037731170654,0.4544541835784912,0.3713127672672272,0.39529043436050415,0.39037176966667175,0.46454674005508423,0.4018493592739105,0.5136033296585083,0.3521343171596527,0.5003796815872192,0.35752400755882263,0.4577748477458954,0.37803199887275696,0.502471387386322,0.38985881209373474,0.5390716791152954
2,0.0,0.0,0.0,0.0,0.0,0.0,0.0,0.0,0.0,0.0,0.0,0.0,0.0,0.0,0.0,0.0,0.0,0.0,0.0,0.0,0.0,0.0,0.0,0.0,0.0,0.0,0.0,0.0,0.0,0.0,0.0,0.0,0.0,0.0,0.0,0.0,0.0,0.0,0.0,0.0,0.0,0.0,0.39976388216018677,0.650282621383667,0.43249601125717163,0.6208134889602661,0.44698861241340637,0.5578182339668274,0.4379632771015167,0.5060228705406189,0.4195340871810913,0.4619427025318146,0.43652278184890747,0.431397408246994,0.4451465904712677,0.33527475595474243,0.45010608434677124,0.27051448822021484,0.45323529839515686,0.21600180864334106,0.4054317772388458,0.4319922924041748,0.38922810554504395,0.32722800970077515,0.3808943033218384,0.2560187578201294,0.3760959804058075,0.19654548168182373,0.3781631588935852,0.4597078263759613,0.37524092197418213,0.3953455090522766,0.3941956162452698,0.4599212408065796,0.4064873456954956,0.5069258809089661,0.35711127519607544,0.5062545537948608,0.3608187735080719,0.4587402641773224,0.38031208515167236,0.5010156631469727,0.3915504813194275,0.5376039743423462
2,0.0,0.0,0.0,0.0,0.0,0.0,0.0,0.0,0.0,0.0,0.0,0.0,0.0,0.0,0.0,0.0,0.0,0.0,0.0,0.0,0.0,0.0,0.0,0.0,0.0,0.0,0.0,0.0,0.0,0.0,0.0,0.0,0.0,0.0,0.0,0.0,0.0,0.0,0.0,0.0,0.0,0.0,0.40145817399024963,0.6506767868995667,0.4343111515045166,0.6229753494262695,0.449814110994339,0.559406042098999,0.4413565397262573,0.5076392292976379,0.4227185845375061,0.46437034010887146,0.43786630034446716,0.4326041340827942,0.44683489203453064,0.33986279368400574,0.45120227336883545,0.27741867303848267,0.4546946883201599,0.22427552938461304,0.4060720205307007,0.43247702717781067,0.3920702040195465,0.3283490538597107,0.3848462402820587,0.25927799940109253,0.3811962604522705,0.20012858510017395,0.37836796045303345,0.4604477286338806,0.3767942488193512,0.3996041715145111,0.39696452021598816,0.46329694986343384,0.4102964699268341,0.5101131796836853,0.3572281301021576,0.5075880885124207,0.3630613088607788,0.4634340703487396,0.383019357919693,0.5045652389526367,0.3942943215370178,0.538310170173645
2,0.0,0.0,0.0,0.0,0.0,0.0,0.0,0.0,0.0,0.0,0.0,0.0,0.0,0.0,0.0,0.0,0.0,0.0,0.0,0.0,0.0,0.0,0.0,0.0,0.0,0.0,0.0,0.0,0.0,0.0,0.0,0.0,0.0,0.0,0.0,0.0,0.0,0.0,0.0,0.0,0.0,0.0,0.4034404456615448,0.6666274666786194,0.43866032361984253,0.6242568492889404,0.45284008979797363,0.5609214901924133,0.4423487186431885,0.5117188096046448,0.42654427886009216,0.46491575241088867,0.4422430098056793,0.43267759680747986,0.45253533124923706,0.3480490744113922,0.45609667897224426,0.292619913816452,0.45743951201438904,0.24248872697353363,0.40911218523979187,0.43116629123687744,0.39464613795280457,0.32370564341545105,0.38650789856910706,0.2536349892616272,0.37999916076660156,0.1932567059993744,0.3807366192340851,0.45975685119628906,0.3790091276168823,0.40568631887435913,0.4001939594745636,0.4679497182369232,0.4132670760154724,0.5165383219718933,0.35809749364852905,0.5067457556724548,0.3659142255783081,0.4660947024822235,0.386440634727478,0.5049610137939453,0.39951184391975403,0.539722740650177
2,0.0,0.0,0.0,0.0,0.0,0.0,0.0,0.0,0.0,0.0,0.0,0.0,0.0,0.0,0.0,0.0,0.0,0.0,0.0,0.0,0.0,0.0,0.0,0.0,0.0,0.0,0.0,0.0,0.0,0.0,0.0,0.0,0.0,0.0,0.0,0.0,0.0,0.0,0.0,0.0,0.0,0.0,0.40670046210289,0.6577270030975342,0.44042065739631653,0.620957612991333,0.45604056119918823,0.5569931268692017,0.44649094343185425,0.5077685713768005,0.43074074387550354,0.4653468728065491,0.4464753270149231,0.4380156993865967,0.45669251680374146,0.3495027422904968,0.4613560438156128,0.2906847298145294,0.464287668466568,0.2394477128982544,0.41404154896736145,0.4353129267692566,0.40004563331604004,0.32639458775520325,0.3915901780128479,0.25392383337020874,0.3862321078777313,0.19155743718147278,0.38590410351753235,0.46141332387924194,0.3839343786239624,0.40751466155052185,0.4033990800380707,0.4712046682834625,0.41573798656463623,0.5198304057121277,0.3644179105758667,0.5072533488273621,0.37032192945480347,0.46574467420578003,0.39082926511764526,0.5067641139030457,0.40365299582481384,0.5410732626914978
2,0.0,0.0,0.0,0.0,0.0,0.0,0.0,0.0,0.0,0.0,0.0,0.0,0.0,0.0,0.0,0.0,0.0,0.0,0.0,0.0,0.0,0.0,0.0,0.0,0.0,0.0,0.0,0.0,0.0,0.0,0.0,0.0,0.0,0.0,0.0,0.0,0.0,0.0,0.0,0.0,0.0,0.0,0.4447101652622223,0.671260416507721,0.4796527624130249,0.6494786143302917,0.49989554286003113,0.5890083909034729,0.49208563566207886,0.5450448989868164,0.47842517495155334,0.5095012784004211,0.4846307039260864,0.4609697461128235,0.49492108821868896,0.3711802661418915,0.5007309913635254,0.31036990880966187,0.5047213435173035,0.25843745470046997,0.45243892073631287,0.4580209255218506,0.4424402415752411,0.3476705849170685,0.43851998448371887,0.27566108107566833,0.436086505651474,0.21496134996414185,0.42418548464775085,0.48190808296203613,0.4327040910720825,0.4383927285671234,0.45275571942329407,0.49770769476890564,0.4637519419193268,0.5452616214752197,0.4011589288711548,0.5244622826576233,0.4179994463920593,0.4924701154232025,0.4394679069519043,0.532020092010498,0.45106568932533264,0.5666640996932983
2,0.0,0.0,0.0,0.0,0.0,0.0,0.0,0.0,0.0,0.0,0.0,0.0,0.0,0.0,0.0,0.0,0.0,0.0,0.0,0.0,0.0,0.0,0.0,0.0,0.0,0.0,0.0,0.0,0.0,0.0,0.0,0.0,0.0,0.0,0.0,0.0,0.0,0.0,0.0,0.0,0.0,0.0,0.5462470054626465,0.7782030701637268,0.5864200592041016,0.761870801448822,0.618281900882721,0.7173441648483276,0.636021614074707,0.6804535984992981,0.6462326645851135,0.6396580338478088,0.6072170734405518,0.5694613456726074,0.6265261769294739,0.48631173372268677,0.6381889581680298,0.4330596327781677,0.6481583714485168,0.38585159182548523,0.5763631463050842,0.5598645806312561,0.5819243788719177,0.45689070224761963,0.588144063949585,0.3891952335834503,0.5930903553962708,0.32886064052581787,0.55092853307724,0.5752933621406555,0.5980300903320312,0.5635011792182922,0.6145269870758057,0.6397918462753296,0.6186531782150269,0.6920923590660095,0.5341662168502808,0.6099188327789307,0.5788260698318481,0.6190506219863892,0.5942400097846985,0.6702604293823242,0.599349856376648,0.7083426117897034
2,0.0,0.0,0.0,0.0,0.0,0.0,0.0,0.0,0.0,0.0,0.0,0.0,0.0,0.0,0.0,0.0,0.0,0.0,0.0,0.0,0.0,0.0,0.0,0.0,0.0,0.0,0.0,0.0,0.0,0.0,0.0,0.0,0.0,0.0,0.0,0.0,0.0,0.0,0.0,0.0,0.0,0.0,0.5294795632362366,0.7775815725326538,0.5809115171432495,0.7466275095939636,0.6168752908706665,0.7083946466445923,0.6424148678779602,0.6794478893280029,0.661848247051239,0.6475533246994019,0.600818395614624,0.5691016316413879,0.6254677772521973,0.49732911586761475,0.6396811008453369,0.4473004937171936,0.6513698697090149,0.39969998598098755,0.577202558517456,0.5564100742340088,0.5974164009094238,0.45829635858535767,0.6130903959274292,0.3891286253929138,0.6269065141677856,0.3310718536376953,0.5585927963256836,0.5708831548690796,0.6209147572517395,0.5817232728004456,0.6378530859947205,0.6524949073791504,0.641647458076477,0.7012733817100525,0.5497849583625793,0.6058764457702637,0.6047824621200562,0.6232680678367615,0.6187326312065125,0.6708557605743408,0.6221950054168701,0.7092510461807251
2,0.0,0.0,0.0,0.0,0.0,0.0,0.0,0.0,0.0,0.0,0.0,0.0,0.0,0.0,0.0,0.0,0.0,0.0,0.0,0.0,0.0,0.0,0.0,0.0,0.0,0.0,0.0,0.0,0.0,0.0,0.0,0.0,0.0,0.0,0.0,0.0,0.0,0.0,0.0,0.0,0.0,0.0,0.6776976585388184,0.7388898134231567,0.7439363598823547,0.7031687498092651,0.7892798185348511,0.659835159778595,0.8260087966918945,0.6294799447059631,0.8493986129760742,0.5890369415283203,0.759124219417572,0.5003284811973572,0.7879281640052795,0.42968693375587463,0.8059952259063721,0.3775097131729126,0.8193645477294922,0.33051854372024536,0.7395416498184204,0.4855920672416687,0.773743748664856,0.37262070178985596,0.7975523471832275,0.30182528495788574,0.8167842626571655,0.24174818396568298,0.7247456312179565,0.49956679344177246,0.8020032048225403,0.4952686131000519,0.8195921182632446,0.5762587189674377,0.8205115795135498,0.6349472403526306,0.7205444574356079,0.537081241607666,0.785816490650177,0.5482671856880188,0.7972038388252258,0.6025217771530151,0.7950831055641174,0.6459715366363525
2,0.672710657119751,0.7705195546150208,0.7344763875007629,0.725480318069458,0.7805929780006409,0.6754760146141052,0.8167212605476379,0.6393261551856995,0.8489837646484375,0.6007483601570129,0.733232855796814,0.5382292866706848,0.7586744427680969,0.49413758516311646,0.7799600958824158,0.4638707637786865,0.7941761016845703,0.4349501132965088,0.7197762727737427,0.5224342346191406,0.7821983695030212,0.5159324407577515,0.8095602989196777,0.5668081045150757,0.8183755278587341,0.6131777167320251,0.711549699306488,0.52701336145401,0.7803974151611328,0.5307542681694031,0.8014339804649353,0.590897798538208,0.8077043890953064,0.6407095789909363,0.7085467576980591,0.5479565262794495,0.7678087949752808,0.5512845516204834,0.7876750230789185,0.5931194424629211,0.7957637310028076,0.635103702545166,0.680276095867157,0.7419495582580566,0.7421824932098389,0.7109347581863403,0.7877843976020813,0.6652554273605347,0.8229094743728638,0.6310985684394836,0.8482800126075745,0.5900076031684875,0.7655388712882996,0.506136417388916,0.7932850122451782,0.43002963066101074,0.8113606572151184,0.3782837986946106,0.8257308602333069,0.3304363489151001,0.7431094646453857,0.4879043996334076,0.7720513939857483,0.3683393895626068,0.794773280620575,0.2977796792984009,0.8136551380157471,0.2396298050880432,0.7243224382400513,0.49746257066726685,0.7982980012893677,0.49164697527885437,0.8172770738601685,0.575416624546051,0.8198060989379883,0.6345443725585938,0.7151868343353271,0.5293962955474854,0.7806200385093689,0.5423440337181091,0.7946399450302124,0.6009157299995422,0.7951387166976929,0.6476238369941711
2,0.0,0.0,0.0,0.0,0.0,0.0,0.0,0.0,0.0,0.0,0.0,0.0,0.0,0.0,0.0,0.0,0.0,0.0,0.0,0.0,0.0,0.0,0.0,0.0,0.0,0.0,0.0,0.0,0.0,0.0,0.0,0.0,0.0,0.0,0.0,0.0,0.0,0.0,0.0,0.0,0.0,0.0,0.6599299907684326,0.7666138410568237,0.7110444903373718,0.767315685749054,0.7511923909187317,0.7380756735801697,0.7634090781211853,0.7003448009490967,0.7486110329627991,0.6532360315322876,0.7638624906539917,0.5292549729347229,0.7956808805465698,0.4200315475463867,0.8166844844818115,0.34966790676116943,0.8334179520606995,0.28373685479164124,0.7201579809188843,0.5027778744697571,0.7232568860054016,0.3704453110694885,0.7263842821121216,0.2762659788131714,0.7295095324516296,0.19452276825904846,0.6771093010902405,0.5178164839744568,0.7007570862770081,0.5348188877105713,0.7097082138061523,0.6386447548866272,0.7131127715110779,0.7079747319221497,0.6417823433876038,0.5602492690086365,0.6670805811882019,0.5900919437408447,0.6827304363250732,0.6617783308029175,0.691813588142395,0.7093980312347412
2,0.0,0.0,0.0,0.0,0.0,0.0,0.0,0.0,0.0,0.0,0.0,0.0,0.0,0.0,0.0,0.0,0.0,0.0,0.0,0.0,0.0,0.0,0.0,0.0,0.0,0.0,0.0,0.0,0.0,0.0,0.0,0.0,0.0,0.0,0.0,0.0,0.0,0.0,0.0,0.0,0.0,0.0,0.6666445136070251,0.7797248363494873,0.7172577977180481,0.7852500677108765,0.7574286460876465,0.7547801733016968,0.7688340544700623,0.7174437046051025,0.7496227025985718,0.6754528284072876,0.7707293033599854,0.5373698472976685,0.8007071018218994,0.4222095012664795,0.8226085901260376,0.34736907482147217,0.838458240032196,0.2795071303844452,0.7242391109466553,0.5138769149780273,0.7241877317428589,0.3774694800376892,0.7245376706123352,0.2815771996974945,0.7244143486022949,0.19638150930404663,0.6790424585342407,0.5326989889144897,0.7018250226974487,0.5540066957473755,0.7138881683349609,0.6613372564315796,0.7198677062988281,0.7309169173240662,0.641996443271637,0.5788712501525879,0.6686251759529114,0.6098795533180237,0.6869973540306091,0.6871681809425354,0.6985935568809509,0.7381985187530518
2,0.0,0.0,0.0,0.0,0.0,0.0,0.0,0.0,0.0,0.0,0.0,0.0,0.0,0.0,0.0,0.0,0.0,0.0,0.0,0.0,0.0,0.0,0.0,0.0,0.0,0.0,0.0,0.0,0.0,0.0,0.0,0.0,0.0,0.0,0.0,0.0,0.0,0.0,0.0,0.0,0.0,0.0,0.4131840765476227,0.578866720199585,0.4467814564704895,0.530237078666687,0.45500046014785767,0.4588901102542877,0.432332843542099,0.40271130204200745,0.4078369140625,0.3670752942562103,0.45134666562080383,0.3657260239124298,0.46049511432647705,0.2875884473323822,0.4634469449520111,0.23970820009708405,0.46492016315460205,0.19838346540927887,0.42221304774284363,0.3640753924846649,0.41220900416374207,0.2800998091697693,0.4036295711994171,0.22658394277095795,0.39669424295425415,0.18486890196800232,0.39763250946998596,0.38634389638900757,0.3850898742675781,0.33098918199539185,0.3942221403121948,0.37159621715545654,0.40157485008239746,0.4105960428714752,0.3762783110141754,0.4224228858947754,0.37075430154800415,0.3838997185230255,0.3811548948287964,0.4093399941921234,0.3901076316833496,0.4380965828895569
2,0.0,0.0,0.0,0.0,0.0,0.0,0.0,0.0,0.0,0.0,0.0,0.0,0.0,0.0,0.0,0.0,0.0,0.0,0.0,0.0,0.0,0.0,0.0,0.0,0.0,0.0,0.0,0.0,0.0,0.0,0.0,0.0,0.0,0.0,0.0,0.0,0.0,0.0,0.0,0.0,0.0,0.0,0.4655460715293884,0.7693935632705688,0.49471330642700195,0.7004043459892273,0.493893563747406,0.6153944730758667,0.4642718732357025,0.5674200057983398,0.43235984444618225,0.5672239065170288,0.4586057960987091,0.5147387385368347,0.4585298001766205,0.4262685775756836,0.45595231652259827,0.3716609477996826,0.4510209858417511,0.32639801502227783,0.4279901385307312,0.5327559113502502,0.3945155441761017,0.4468521773815155,0.3758372664451599,0.3956083059310913,0.35864681005477905,0.3543282747268677,0.4075833261013031,0.5734238624572754,0.39654648303985596,0.5075345039367676,0.4254293739795685,0.5562007427215576,0.44058310985565186,0.5999425053596497,0.3940746784210205,0.6284999847412109,0.3904217779636383,0.5684718489646912,0.41456928849220276,0.5961028337478638,0.43021321296691895,0.6319175362586975
2,0.0,0.0,0.0,0.0,0.0,0.0,0.0,0.0,0.0,0.0,0.0,0.0,0.0,0.0,0.0,0.0,0.0,0.0,0.0,0.0,0.0,0.0,0.0,0.0,0.0,0.0,0.0,0.0,0.0,0.0,0.0,0.0,0.0,0.0,0.0,0.0,0.0,0.0,0.0,0.0,0.0,0.0,0.4675389230251312,0.7736774682998657,0.49545297026634216,0.7026373744010925,0.4959421455860138,0.6134098172187805,0.46281081438064575,0.5772958993911743,0.4292057454586029,0.5772989392280579,0.4517962336540222,0.5041273832321167,0.4448592960834503,0.41342687606811523,0.43925195932388306,0.3570885956287384,0.43253958225250244,0.30891549587249756,0.4208071827888489,0.527176558971405,0.3838180899620056,0.4351258873939514,0.3629617393016815,0.37968313694000244,0.34359824657440186,0.33484429121017456,0.40131473541259766,0.5743485689163208,0.3889237344264984,0.514122724533081,0.42149636149406433,0.5596596002578735,0.4394721984863281,0.601068913936615,0.3907769024372101,0.6359071135520935,0.3858740031719208,0.5777626037597656,0.4131113886833191,0.6054509878158569,0.4302961528301239,0.6399452090263367
2,0.0,0.0,0.0,0.0,0.0,0.0,0.0,0.0,0.0,0.0,0.0,0.0,0.0,0.0,0.0,0.0,0.0,0.0,0.0,0.0,0.0,0.0,0.0,0.0,0.0,0.0,0.0,0.0,0.0,0.0,0.0,0.0,0.0,0.0,0.0,0.0,0.0,0.0,0.0,0.0,0.0,0.0,0.46540507674217224,0.7761766910552979,0.49213507771492004,0.7122684121131897,0.4900009036064148,0.6448115110397339,0.4574553370475769,0.6237092614173889,0.42170602083206177,0.6250469088554382,0.4344477951526642,0.5197305679321289,0.41184812784194946,0.4291899800300598,0.39509710669517517,0.36797332763671875,0.37717118859291077,0.3192020654678345,0.40604573488235474,0.5532698631286621,0.3589550256729126,0.4718140661716461,0.3289068341255188,0.4164232909679413,0.2989675998687744,0.3686145842075348,0.3888712525367737,0.6104186773300171,0.37183618545532227,0.5646366477012634,0.40666189789772034,0.6062783002853394,0.4296789765357971,0.6409516334533691,0.38132235407829285,0.6799265146255493,0.37345409393310547,0.6366363167762756,0.4051388204097748,0.6568251252174377,0.43032994866371155,0.6801978349685669
2,0.0,0.0,0.0,0.0,0.0,0.0,0.0,0.0,0.0,0.0,0.0,0.0,0.0,0.0,0.0,0.0,0.0,0.0,0.0,0.0,0.0,0.0,0.0,0.0,0.0,0.0,0.0,0.0,0.0,0.0,0.0,0.0,0.0,0.0,0.0,0.0,0.0,0.0,0.0,0.0,0.0,0.0,0.47537893056869507,0.7783485054969788,0.5030853748321533,0.7116795778274536,0.5040996074676514,0.6357095241546631,0.47904476523399353,0.6081286072731018,0.44867774844169617,0.6166002154350281,0.4503125250339508,0.5146158933639526,0.4325193464756012,0.42396417260169983,0.42050182819366455,0.36835333704948425,0.4071587026119232,0.32098978757858276,0.4219101667404175,0.5432740449905396,0.3781711757183075,0.4559096693992615,0.3513827323913574,0.40016600489616394,0.3276551067829132,0.35562169551849365,0.40711739659309387,0.5947465896606445,0.3948393166065216,0.5451046228408813,0.43054893612861633,0.5849568843841553,0.45283737778663635,0.6193919777870178,0.40218695998191833,0.6586334705352783,0.4006204605102539,0.6150227189064026,0.4293711185455322,0.6340280771255493,0.4505685567855835,0.6574029922485352
2,0.0,0.0,0.0,0.0,0.0,0.0,0.0,0.0,0.0,0.0,0.0,0.0,0.0,0.0,0.0,0.0,0.0,0.0,0.0,0.0,0.0,0.0,0.0,0.0,0.0,0.0,0.0,0.0,0.0,0.0,0.0,0.0,0.0,0.0,0.0,0.0,0.0,0.0,0.0,0.0,0.0,0.0,0.483647882938385,0.7803415656089783,0.5109812617301941,0.717380166053772,0.5144636631011963,0.6425068378448486,0.49314913153648376,0.6146094799041748,0.4634229838848114,0.6185848712921143,0.4607465863227844,0.521093487739563,0.44433891773223877,0.43028658628463745,0.4327529966831207,0.3750903606414795,0.42046472430229187,0.3274576663970947,0.43312761187553406,0.5492169857025146,0.3900221288204193,0.4612264037132263,0.3629502058029175,0.4072002172470093,0.3387012481689453,0.36295175552368164,0.4181026220321655,0.6007860898971558,0.40975528955459595,0.5512191653251648,0.4429106116294861,0.5915852189064026,0.46197709441185,0.6268880367279053,0.41262418031692505,0.6644647717475891,0.4120945334434509,0.6161724328994751,0.4408237040042877,0.6334423422813416,0.4610510468482971,0.6566625237464905
2,0.0,0.0,0.0,0.0,0.0,0.0,0.0,0.0,0.0,0.0,0.0,0.0,0.0,0.0,0.0,0.0,0.0,0.0,0.0,0.0,0.0,0.0,0.0,0.0,0.0,0.0,0.0,0.0,0.0,0.0,0.0,0.0,0.0,0.0,0.0,0.0,0.0,0.0,0.0,0.0,0.0,0.0,0.4779702126979828,0.7063378095626831,0.5009096264839172,0.6449853777885437,0.504328191280365,0.5708087682723999,0.4858574867248535,0.5330992341041565,0.45864319801330566,0.5389367938041687,0.44810566306114197,0.46663790941238403,0.4310395419597626,0.3870488405227661,0.4199776351451874,0.3381916284561157,0.40866619348526,0.29585087299346924,0.42388129234313965,0.4925793707370758,0.3835262358188629,0.4170615077018738,0.35913780331611633,0.36873215436935425,0.3360535204410553,0.3280310332775116,0.41017138957977295,0.5398364663124084,0.4061891734600067,0.4881993234157562,0.4400210976600647,0.5254351496696472,0.4579255282878876,0.5593940615653992,0.404916912317276,0.5988898277282715,0.4041535258293152,0.5467724204063416,0.43271639943122864,0.5586313605308533,0.45261484384536743,0.5794133543968201
2,0.0,0.0,0.0,0.0,0.0,0.0,0.0,0.0,0.0,0.0,0.0,0.0,0.0,0.0,0.0,0.0,0.0,0.0,0.0,0.0,0.0,0.0,0.0,0.0,0.0,0.0,0.0,0.0,0.0,0.0,0.0,0.0,0.0,0.0,0.0,0.0,0.0,0.0,0.0,0.0,0.0,0.0,0.4683712422847748,0.7011241912841797,0.49138909578323364,0.6422787308692932,0.4957181215286255,0.5684873461723328,0.47834494709968567,0.5327478051185608,0.4521085321903229,0.5371936559677124,0.43742406368255615,0.4638351798057556,0.4167654514312744,0.38285189867019653,0.4042466878890991,0.3335021436214447,0.3915664851665497,0.2917889356613159,0.41365331411361694,0.49053701758384705,0.37029027938842773,0.41329658031463623,0.3443175256252289,0.3656807541847229,0.3194522261619568,0.3270632028579712,0.39986729621887207,0.5371638536453247,0.3996025621891022,0.4859321117401123,0.43334585428237915,0.5159720182418823,0.45037102699279785,0.546036422252655,0.3940892815589905,0.5940724611282349,0.39859893918037415,0.5456562042236328,0.4268137812614441,0.5552592873573303,0.4441511332988739,0.5741887092590332
2,0.0,0.0,0.0,0.0,0.0,0.0,0.0,0.0,0.0,0.0,0.0,0.0,0.0,0.0,0.0,0.0,0.0,0.0,0.0,0.0,0.0,0.0,0.0,0.0,0.0,0.0,0.0,0.0,0.0,0.0,0.0,0.0,0.0,0.0,0.0,0.0,0.0,0.0,0.0,0.0,0.0,0.0,0.46354901790618896,0.7032813429832458,0.4859539270401001,0.6427727937698364,0.4889505207538605,0.5677744150161743,0.4707668125629425,0.529622495174408,0.44390884041786194,0.5359044671058655,0.4300299882888794,0.4609719216823578,0.40929627418518066,0.3806157410144806,0.3963247835636139,0.33110547065734863,0.38232094049453735,0.2879600524902344,0.40580788254737854,0.48765769600868225,0.36126014590263367,0.4112376272678375,0.3345557451248169,0.36379340291023254,0.30870091915130615,0.3245553970336914,0.39199066162109375,0.5354743003845215,0.3882666528224945,0.4828505516052246,0.4234350323677063,0.5156311392784119,0.4416583776473999,0.5480379462242126,0.38699471950531006,0.5941027402877808,0.3884384036064148,0.5416170358657837,0.4177033007144928,0.5510638952255249,0.4371332824230194,0.5710720419883728
2,0.0,0.0,0.0,0.0,0.0,0.0,0.0,0.0,0.0,0.0,0.0,0.0,0.0,0.0,0.0,0.0,0.0,0.0,0.0,0.0,0.0,0.0,0.0,0.0,0.0,0.0,0.0,0.0,0.0,0.0,0.0,0.0,0.0,0.0,0.0,0.0,0.0,0.0,0.0,0.0,0.0,0.0,0.46770423650741577,0.7132185697555542,0.4982019364833832,0.6555811166763306,0.5039694905281067,0.5808390378952026,0.47809022665023804,0.5454809665679932,0.448203444480896,0.5359688997268677,0.4654974043369293,0.4602518677711487,0.46326398849487305,0.3723986744880676,0.4603389501571655,0.31671029329299927,0.45430272817611694,0.27038294076919556,0.4353408217430115,0.47706514596939087,0.40526947379112244,0.3809702396392822,0.38819611072540283,0.3242475390434265,0.3716970980167389,0.27883821725845337,0.4156685769557953,0.5193947553634644,0.409061461687088,0.47051844000816345,0.4365159571170807,0.5143583416938782,0.4516749083995819,0.551868200302124,0.4034072160720825,0.5759168863296509,0.4018389582633972,0.5265361666679382,0.4274333417415619,0.5480583906173706,0.44547411799430847,0.575311541557312
2,0.0,0.0,0.0,0.0,0.0,0.0,0.0,0.0,0.0,0.0,0.0,0.0,0.0,0.0,0.0,0.0,0.0,0.0,0.0,0.0,0.0,0.0,0.0,0.0,0.0,0.0,0.0,0.0,0.0,0.0,0.0,0.0,0.0,0.0,0.0,0.0,0.0,0.0,0.0,0.0,0.0,0.0,0.5365622639656067,0.811164379119873,0.586010754108429,0.7915716171264648,0.6267830729484558,0.7458330988883972,0.6252630949020386,0.6860896348953247,0.602340579032898,0.6424335241317749,0.6276549100875854,0.5866052508354187,0.6639912724494934,0.5126701593399048,0.6888774633407593,0.46354740858078003,0.711097240447998,0.42184311151504517,0.5953809022903442,0.5673703551292419,0.6045816540718079,0.44117748737335205,0.6128206253051758,0.3650241196155548,0.6191495656967163,0.3048083484172821,0.562121570110321,0.5809909701347351,0.5855213403701782,0.5304985046386719,0.5959146618843079,0.6004703640937805,0.5956535339355469,0.6561151742935181,0.5310460925102234,0.617145836353302,0.5571824312210083,0.5852462649345398,0.5733832716941833,0.6344448924064636,0.5783776044845581,0.6791902184486389
2,0.0,0.0,0.0,0.0,0.0,0.0,0.0,0.0,0.0,0.0,0.0,0.0,0.0,0.0,0.0,0.0,0.0,0.0,0.0,0.0,0.0,0.0,0.0,0.0,0.0,0.0,0.0,0.0,0.0,0.0,0.0,0.0,0.0,0.0,0.0,0.0,0.0,0.0,0.0,0.0,0.0,0.0,0.482491672039032,0.7669321298599243,0.5269765257835388,0.7379124760627747,0.5555813908576965,0.6767574548721313,0.5387256741523743,0.6131974458694458,0.516399621963501,0.565081775188446,0.5636100769042969,0.5303516387939453,0.5992763638496399,0.4447436034679413,0.6193035840988159,0.38753217458724976,0.6340731382369995,0.33597320318222046,0.5274677872657776,0.5112629532814026,0.5332303047180176,0.38343626260757446,0.5339508652687073,0.3067764639854431,0.5335819721221924,0.24209418892860413,0.4929782748222351,0.5273810029029846,0.5038537383079529,0.46037015318870544,0.513855516910553,0.5322880744934082,0.5169782638549805,0.5906240940093994,0.46219128370285034,0.5660734176635742,0.47426217794418335,0.5271938443183899,0.4894617795944214,0.5738111138343811,0.4985765218734741,0.6169649958610535
2,0.0,0.0,0.0,0.0,0.0,0.0,0.0,0.0,0.0,0.0,0.0,0.0,0.0,0.0,0.0,0.0,0.0,0.0,0.0,0.0,0.0,0.0,0.0,0.0,0.0,0.0,0.0,0.0,0.0,0.0,0.0,0.0,0.0,0.0,0.0,0.0,0.0,0.0,0.0,0.0,0.0,0.0,0.4460083842277527,0.6786786913871765,0.4873720407485962,0.6558858752250671,0.5156513452529907,0.5998073220252991,0.5122371315956116,0.5387741923332214,0.5026297569274902,0.48694783449172974,0.5287203192710876,0.4906051754951477,0.5604636669158936,0.4292683005332947,0.5779296159744263,0.38871267437934875,0.5908254384994507,0.3514522314071655,0.500056266784668,0.4698302447795868,0.5079534649848938,0.37423592805862427,0.5116965174674988,0.31965625286102295,0.5131548643112183,0.2743922472000122,0.47076666355133057,0.4747954308986664,0.482997328042984,0.40380576252937317,0.48986485600471497,0.46454426646232605,0.4902735650539398,0.5153080821037292,0.4420735836029053,0.495911568403244,0.4559433162212372,0.4491341710090637,0.465701162815094,0.4870834946632385,0.4689875841140747,0.5254647135734558
2,0.0,0.0,0.0,0.0,0.0,0.0,0.0,0.0,0.0,0.0,0.0,0.0,0.0,0.0,0.0,0.0,0.0,0.0,0.0,0.0,0.0,0.0,0.0,0.0,0.0,0.0,0.0,0.0,0.0,0.0,0.0,0.0,0.0,0.0,0.0,0.0,0.0,0.0,0.0,0.0,0.0,0.0,0.5007500052452087,0.6377637386322021,0.5414961576461792,0.6191074252128601,0.569911003112793,0.5702952146530151,0.566025972366333,0.5122976899147034,0.5538272857666016,0.4713645875453949,0.5825855731964111,0.47128528356552124,0.6153701543807983,0.40933626890182495,0.6332617998123169,0.36946719884872437,0.6475368738174438,0.336419939994812,0.5560186505317688,0.4486098289489746,0.565485417842865,0.3517943024635315,0.5714038014411926,0.2966192066669464,0.575829029083252,0.25366464257240295,0.5280658602714539,0.44990840554237366,0.5424302816390991,0.3849037289619446,0.5482177138328552,0.4315461218357086,0.5466179847717285,0.47625964879989624,0.49935027956962585,0.46551424264907837,0.5138901472091675,0.41975727677345276,0.5238162875175476,0.44937679171562195,0.5265202522277832,0.4834609031677246
2,0.0,0.0,0.0,0.0,0.0,0.0,0.0,0.0,0.0,0.0,0.0,0.0,0.0,0.0,0.0,0.0,0.0,0.0,0.0,0.0,0.0,0.0,0.0,0.0,0.0,0.0,0.0,0.0,0.0,0.0,0.0,0.0,0.0,0.0,0.0,0.0,0.0,0.0,0.0,0.0,0.0,0.0,0.47853589057922363,0.614990770816803,0.5193930268287659,0.616253137588501,0.5541900992393494,0.5723408460617065,0.563167929649353,0.5080289840698242,0.5586265325546265,0.4547664225101471,0.5802135467529297,0.5168716907501221,0.6193565130233765,0.4842051565647125,0.6427769064903259,0.4612826108932495,0.661705493927002,0.4415126144886017,0.561428427696228,0.4826866388320923,0.5854964256286621,0.41705426573753357,0.6006847023963928,0.37778812646865845,0.6110369563102722,0.34819328784942627,0.5371022820472717,0.46743282675743103,0.5585722923278809,0.4112700819969177,0.5578056573867798,0.4484308660030365,0.5496615767478943,0.485895574092865,0.5101008415222168,0.4619655907154083,0.5281515121459961,0.4205382466316223,0.5333468317985535,0.4436821937561035,0.5310590863227844,0.47414109110832214
2,0.0,0.0,0.0,0.0,0.0,0.0,0.0,0.0,0.0,0.0,0.0,0.0,0.0,0.0,0.0,0.0,0.0,0.0,0.0,0.0,0.0,0.0,0.0,0.0,0.0,0.0,0.0,0.0,0.0,0.0,0.0,0.0,0.0,0.0,0.0,0.0,0.0,0.0,0.0,0.0,0.0,0.0,0.47931140661239624,0.6155211925506592,0.5213387608528137,0.6202758550643921,0.5548577904701233,0.5767465829849243,0.562183678150177,0.5121310353279114,0.5567049384117126,0.4583785831928253,0.5815342664718628,0.5188244581222534,0.6199540495872498,0.48604124784469604,0.643692135810852,0.4636112153530121,0.6630158424377441,0.44314783811569214,0.5627970695495605,0.484383761882782,0.5866973400115967,0.41998398303985596,0.601782500743866,0.38016271591186523,0.6119189858436584,0.34859973192214966,0.538604736328125,0.4685764014720917,0.5608953237533569,0.4134828746318817,0.5587000846862793,0.454904168844223,0.5494917631149292,0.49336865544319153,0.5112390518188477,0.4634062945842743,0.5311329960823059,0.42319798469543457,0.5345049500465393,0.451282262802124,0.5300661325454712,0.4843413531780243
2,0.0,0.0,0.0,0.0,0.0,0.0,0.0,0.0,0.0,0.0,0.0,0.0,0.0,0.0,0.0,0.0,0.0,0.0,0.0,0.0,0.0,0.0,0.0,0.0,0.0,0.0,0.0,0.0,0.0,0.0,0.0,0.0,0.0,0.0,0.0,0.0,0.0,0.0,0.0,0.0,0.0,0.0,0.46920663118362427,0.6244495511054993,0.5087006092071533,0.5989589691162109,0.5301128029823303,0.538501501083374,0.5128241777420044,0.48671507835388184,0.48970600962638855,0.4553399980068207,0.5336787104606628,0.4298801124095917,0.5591970086097717,0.3582489788532257,0.5727985501289368,0.3107643723487854,0.5823220610618591,0.26871615648269653,0.5041141510009766,0.41547489166259766,0.5050769448280334,0.3144160509109497,0.5055927634239197,0.2538602352142334,0.5049155354499817,0.20295017957687378,0.4764856696128845,0.42828336358070374,0.4817091226577759,0.36978232860565186,0.49025580286979675,0.4311809837818146,0.4918961524963379,0.478850781917572,0.4505625367164612,0.4579343795776367,0.45867919921875,0.412678599357605,0.4703517258167267,0.4534147381782532,0.4753829836845398,0.492109477519989
2,0.0,0.0,0.0,0.0,0.0,0.0,0.0,0.0,0.0,0.0,0.0,0.0,0.0,0.0,0.0,0.0,0.0,0.0,0.0,0.0,0.0,0.0,0.0,0.0,0.0,0.0,0.0,0.0,0.0,0.0,0.0,0.0,0.0,0.0,0.0,0.0,0.0,0.0,0.0,0.0,0.0,0.0,0.4671664834022522,0.6241680383682251,0.5057850480079651,0.5964022278785706,0.5261769890785217,0.5342638492584229,0.5071049928665161,0.48385757207870483,0.48320773243904114,0.45434868335723877,0.5293651819229126,0.42738041281700134,0.5551812052726746,0.3544822335243225,0.5682234764099121,0.3053334951400757,0.5772166848182678,0.26289302110671997,0.49934595823287964,0.4146217703819275,0.4997023344039917,0.3162958025932312,0.49951374530792236,0.2555122375488281,0.498597115278244,0.20374983549118042,0.4716781973838806,0.4277608394622803,0.4753153920173645,0.36973127722740173,0.4836494028568268,0.4313773214817047,0.48551145195961,0.4788956642150879,0.44594576954841614,0.457232803106308,0.45316606760025024,0.4135150611400604,0.4644230902194977,0.4545617401599884,0.4694690406322479,0.49257993698120117
2,0.0,0.0,0.0,0.0,0.0,0.0,0.0,0.0,0.0,0.0,0.0,0.0,0.0,0.0,0.0,0.0,0.0,0.0,0.0,0.0,0.0,0.0,0.0,0.0,0.0,0.0,0.0,0.0,0.0,0.0,0.0,0.0,0.0,0.0,0.0,0.0,0.0,0.0,0.0,0.0,0.0,0.0,0.46089762449264526,0.6274667382240295,0.49862492084503174,0.5952239036560059,0.5143222212791443,0.528075098991394,0.491310179233551,0.4783957004547119,0.4654398560523987,0.45103442668914795,0.5176941156387329,0.4169728457927704,0.540116012096405,0.33869051933288574,0.5519728660583496,0.2880428433418274,0.5595622658729553,0.2440606653690338,0.4866671562194824,0.40672528743743896,0.4851267635822296,0.3079386353492737,0.48212504386901855,0.24589750170707703,0.47767215967178345,0.19375170767307281,0.45864880084991455,0.4241558015346527,0.45813262462615967,0.366838276386261,0.46898117661476135,0.4270862638950348,0.47369858622550964,0.47466179728507996,0.433808296918869,0.4586806893348694,0.4372890591621399,0.4174034297466278,0.4502736032009125,0.4566921889781952,0.45794570446014404,0.49299493432044983
